Session default channel group,Date,Sessions,Engaged sessions,Engagement rate,Average engagement time per session,Events per session,Event count,Key events,Session key event rate,Total revenue
Direct,2024-12-08,204455,100898,0.4934973466043872,1.6820522853439632,4.407224083539165,901079,62,0.000303245212883,35913.978351
Direct,2024-12-07,182685,88922,0.4867504173851165,1.6358048006130772,4.507474614774065,823448,75,0.0004105427374989,48528.733254
Direct,2024-12-09,157301,73604,0.4679181950527968,1.8027920992237811,4.444790560772023,699170,73,0.0004640784228962,42054.481063
Direct,2024-12-06,115227,58213,0.50520277365548,1.942522151926198,4.475027554305848,515644,65,0.0005554253777326,43756.217504
Organic Social,2024-12-03,26729,6145,0.2299001084963897,4.062516367989824,4.486138650903513,119910,20,0.0007482509633731,10549.113582
Unassigned,2024-12-03,19968,6842,0.3426482371794871,21.86092748397436,6.511818910256411,130028,362,0.0179286858974358,198081.026645
Unassigned,2024-12-02,19255,6025,0.3129057387691508,27.951389249545574,8.035938717216307,154732,599,0.0310049337834328,381063.807577
Organic Social,2024-12-02,18552,4399,0.2371172919361794,4.849288486416559,4.526573954290643,83977,25,0.0013475636050021,18985.89
Unassigned,2024-12-08,18224,2904,0.1593503072870939,12.920818700614577,4.738476733977173,86354,203,0.0109196663740122,115224.624132
Direct,2024-12-05,17846,7966,0.446374537711532,8.315028577832567,5.400425865740222,96376,94,0.005099181889499,61008.157185
Unassigned,2024-12-09,17212,3084,0.1791773181501278,12.442830583313969,4.825586799907041,83058,205,0.0118521961422263,98696.966822
Unassigned,2024-12-07,14919,2100,0.1407601045646491,10.01320463838059,4.329780816408607,64596,145,0.0093840069709766,82182.962797
Paid Shopping,2024-12-03,14416,4505,0.3125,7.84739178690344,5.690899001109878,82040,27,0.0018035516093229,14169.06
Organic Social,2024-12-09,14383,4286,0.2979906834457345,5.346659250504067,4.937565181116596,71017,17,0.0011819509142737,9040.797901
Organic Social,2024-12-08,14337,4173,0.2910650763758108,5.495082653274744,4.958708237427635,71093,15,0.001046243984097,6678.35
Organic Social,2024-12-05,13729,3280,0.2389103357855634,4.8535217422973265,4.570689780756064,62751,8,0.0005827081360623,2687.4
Organic Social,2024-12-07,13196,3759,0.2848590481964231,5.358896635344044,4.989239163382844,65838,14,0.0010609275538041,10309.075926
Paid Shopping,2024-12-10,13050,4182,0.3204597701149425,7.107586206896552,5.473409961685824,71428,31,0.002375478927203,18194.19
Unassigned,2024-12-01,13002,3800,0.2922627288109521,27.773342562682664,7.834948469466236,101870,350,0.0264574680818335,214540.382133
Unassigned,2024-12-06,12366,2438,0.1971534853630923,12.631166100598415,5.142083131166101,63587,148,0.0118874332848131,81668.383525
Referral,2024-12-09,12113,3531,0.2915049946338644,5.845868075621233,5.695781391893007,68993,16,0.001320894906299,9556.945541
Organic Social,2024-12-04,12062,3090,0.2561764218205936,5.050323329464434,4.700049742994528,56692,6,0.0004974299452827,2544.3
Referral,2024-12-27,11939,3688,0.3089035932657676,6.5963648546779465,5.589831644191306,66737,11,0.0009213501968339,10062.2
Organic Social,2024-12-01,11526,3072,0.2665278500780843,7.239979177511713,5.116605934409162,58974,10,0.0008676036786395,4615.13
Unassigned,2024-12-04,10944,3625,0.3312317251461988,23.17013888888889,7.261970029239766,79475,191,0.0167214912280701,114326.054672
Paid Shopping,2024-12-02,10848,3437,0.3168325958702065,9.752673303834808,5.9907817109144545,64988,40,0.0036873156342182,40300.71
Paid Shopping,2024-12-20,10605,3481,0.3282413955681282,6.958604431871759,5.444413012729845,57738,31,0.0029231494578029,22759.08
Paid Shopping,2024-12-06,10400,2817,0.2708653846153846,5.6345192307692304,5.5670192307692306,57897,19,0.001826923076923,11559.3
Direct,2024-12-02,10294,4301,0.4178162036137556,29.20623664270449,8.994268505925781,92587,278,0.0266174470565377,173927.901497
Unassigned,2024-12-05,10210,3187,0.3121449559255632,18.03036238981391,6.41537708129285,65501,133,0.0128305582761998,78333.960792
Referral,2024-12-02,10053,3007,0.299114692131702,11.12245100964886,5.794986571172784,58257,29,0.0028847110315328,17978.529409
Paid Shopping,2024-12-09,9879,3029,0.3066099807672841,7.222694604717077,5.5158416843810105,54491,27,0.0027330701488004,11292.0
Paid Shopping,2024-12-04,9800,3155,0.321938775510204,8.177244897959184,5.838265306122449,57215,25,0.0025510204081632,7761.15
Unassigned,2024-12-19,9512,2994,0.3147603027754415,19.98706896551724,6.613015138772077,62903,157,0.0162952060555088,94776.49
Paid Shopping,2024-12-22,9510,3316,0.3486855941114616,9.020715036803365,5.638801261829653,53625,10,0.0009463722397476,11547.2
Paid Shopping,2024-12-26,9383,3345,0.356495790258979,7.385377810934669,5.412021741447298,50781,23,0.0024512416071618,16436.88
Paid Shopping,2024-12-19,9329,3113,0.3336906420838246,6.687640690320506,5.362525458248473,50027,13,0.001393504126916,9649.03
Unassigned,2024-12-12,9137,2746,0.3005362810550508,22.311371347269343,6.938820181678888,63400,164,0.0178395534639378,90913.425419
Unassigned,2024-12-16,9128,2755,0.3018185801928133,27.54918930762489,7.314198071866784,66764,203,0.0218010517090271,130032.823541
Paid Shopping,2024-12-11,9077,3181,0.350446182659469,8.909992288200947,5.989093312768536,54363,28,0.0029745510631265,20286.98
Organic Social,2024-12-06,8965,2571,0.286781929726715,6.16441717791411,5.161963190184049,46277,16,0.0017847183491355,10018.03
Paid Shopping,2024-12-01,8948,2994,0.3345999105945462,10.147630755476085,6.172105498435404,55228,32,0.0035762181493071,15729.75
Organic Shopping,2024-12-01,8767,1896,0.2162655412341736,7.192996464012775,5.110642180905669,44805,17,0.0019390897684498,9267.6
Direct,2024-12-01,8697,3409,0.3919742439921812,25.83936989766586,8.191790272507761,71244,150,0.0171323444866045,79607.853389
Paid Search,2024-12-02,8688,4038,0.4647790055248619,40.02969613259668,10.809967771639045,93917,208,0.0237108655616942,143422.426372
Paid Shopping,2024-12-17,8669,3015,0.347790979351713,8.25020186872765,5.302226323682086,45965,19,0.0021917176144884,14148.28
Unassigned,2024-12-27,8652,2320,0.2681460933888118,24.870203421174295,6.8385344429033745,59167,150,0.0173370319001386,84848.720708
Paid Shopping,2024-12-18,8646,3019,0.349178811010872,7.959287531806615,5.543835299560491,47932,24,0.0027758501040943,16892.1
Direct,2024-12-03,8603,3384,0.3933511565732884,23.127629896547717,7.631872602580495,65657,132,0.0153434848308729,86340.808537
Unassigned,2024-12-10,8149,2336,0.2866609399926371,21.00441771996564,7.147011903301019,58241,173,0.0207387409498097,104225.324441
Paid Shopping,2024-12-16,8135,2693,0.331038721573448,8.184511370620774,5.390043023970498,43848,13,0.00159803318992,10622.58
Paid Shopping,2024-12-12,8091,2758,0.3408725744654554,7.971326164874552,5.839327648003955,47246,26,0.0032134470399209,16025.2
Unassigned,2024-12-17,8049,2171,0.2697229469499316,24.526773512237543,6.855758479314201,55182,240,0.0295688905454093,136062.211768
Unassigned,2024-12-11,7997,2362,0.2953607602851069,23.104039014630487,7.502063273727648,59994,163,0.0198824559209703,100218.385063
Paid Shopping,2024-12-25,7990,2774,0.3471839799749687,8.023153942428035,5.470838548185232,43712,11,0.0013767209011264,5685.02
Paid Shopping,2024-12-15,7876,2599,0.3299898425596749,8.752666328085322,5.824784154393093,45876,18,0.0022854240731335,12303.0
Referral,2024-12-26,7708,2379,0.3086403736377789,7.200181629475869,5.4766476388168135,42214,13,0.0016865594187856,5050.147264
Paid Shopping,2024-12-23,7668,2503,0.3264214919144496,8.135237350026083,5.374413145539906,41211,8,0.0010432968179447,4678.4
Unassigned,2024-12-13,7573,2142,0.2828469562920903,21.957612570975837,7.159910207315463,54222,162,0.0207315462828469,98307.717793
Paid Shopping,2024-12-13,7548,2371,0.3141229464758877,6.42845786963434,5.485956544780074,41408,14,0.001854795972443,3792.77
Paid Shopping,2024-12-08,7439,2277,0.3060895281623874,8.528968947439171,6.081462562172335,45240,25,0.0033606667562844,15346.61
Unassigned,2024-12-15,7398,2078,0.2808867261422006,23.188429305217625,6.966477426331441,51538,138,0.0185185185185185,93539.569616
Paid Shopping,2024-12-05,7357,2135,0.2901998097050428,6.8976484980290875,5.5458746771781975,40801,19,0.0024466494495038,8984.88
Unassigned,2024-12-20,7127,2059,0.2889013610214677,24.68149291426968,7.222674337028202,51476,147,0.0206257892521397,87027.555443
Unassigned,2024-12-26,7082,2056,0.2903134707709686,27.51765038124823,7.469923750353008,52902,136,0.0190624117480937,70896.998425
Paid Shopping,2024-12-29,7081,2829,0.3995198418302499,11.309419573506569,5.879536788589182,41633,27,0.0036717977686767,13838.06
Unassigned,2024-12-18,6927,2128,0.3072036956835571,21.694239930705933,6.87527067994803,47625,182,0.0261296376497762,109088.169136
Paid Shopping,2024-12-27,6773,2639,0.3896353166986564,9.944485456961464,5.823268861656578,39441,30,0.004429351838181,21457.19
Direct,2024-12-04,6771,2653,0.3918180475557524,22.1981981981982,7.621030866932506,51602,86,0.012553537143701,53360.4
Paid Shopping,2024-12-24,6649,2251,0.3385471499473605,6.561287411640849,5.280342908708076,35109,9,0.0013535870055647,7076.2
Paid Shopping,2024-12-14,6605,2206,0.3339894019682059,8.21438304314913,5.746555639666919,37956,12,0.0018168054504163,6025.76
Paid Shopping,2024-12-21,6605,2407,0.3644208932626798,9.932626797880394,5.757607872823619,38029,18,0.0027252081756245,16658.51
Unassigned,2024-12-14,6548,2065,0.3153634697617593,23.99129505192425,7.425626145387905,48623,169,0.0250458155161881,99719.725317
Paid Shopping,2024-12-31,6489,2357,0.3632300816766836,9.478810294344274,5.320850670365234,34527,11,0.0015410695022345,4481.28
Direct,2024-12-10,6449,2493,0.3865715614824003,21.006822763219105,7.461311831291673,48118,73,0.0113195844316948,43196.408715
Paid Shopping,2024-12-28,6447,2635,0.4087172328214673,11.937335194664184,5.9959671164882895,38656,12,0.0017062199472622,5810.52
Paid Shopping,2024-12-30,6442,2427,0.3767463520645762,10.423781434337162,5.68581185967091,36628,16,0.0024837007140639,8746.74
Paid Search,2024-12-03,6429,2977,0.4630580183543319,37.68750972157411,10.261627002644268,65972,112,0.0174210608181676,74465.537386
Direct,2024-12-11,6273,2518,0.4014028375577873,23.200063765343536,7.589351187629523,47608,80,0.0125936553483181,54914.42796
Unassigned,2024-12-23,6240,1918,0.3073717948717949,26.103365384615383,7.279967948717949,45427,143,0.0225961538461538,89498.786557
Unassigned,2024-12-31,6186,1922,0.3107015842224377,34.03200775945684,8.103136113805366,50126,193,0.0307145166505011,111390.178921
Unassigned,2024-12-28,6132,1748,0.2850619699934768,26.15313111545988,6.949445531637313,42614,139,0.0223418134377038,76071.255018
Paid Search,2024-12-01,6008,2922,0.4863515312916112,41.630659121171774,10.622003994673769,63817,94,0.015479360852197,48519.371792
Unassigned,2024-12-30,5971,1737,0.2909060458884609,27.420365097973537,7.059119075531736,42150,140,0.0227767543125104,82014.827466
Unassigned,2024-12-29,5867,1570,0.267598431907278,25.659280722686212,6.967785921254475,40880,147,0.0248849497187659,85997.838641
Direct,2024-12-26,5862,2550,0.4350051177072671,31.48362333674514,8.1985670419652,48060,59,0.0100648242920504,29327.151258
Direct,2024-12-16,5819,2465,0.4236123045196769,24.713868362261557,7.748066678123389,45086,99,0.0168413816807011,65495.190631
Direct,2024-12-17,5815,2402,0.4130696474634566,22.308512467755804,7.212209802235598,41939,92,0.0154772141014617,52950.1
Direct,2024-12-15,5727,2256,0.393923520167627,21.772830452243756,7.769338222455038,44495,97,0.0169373144752924,51286.622524
Direct,2024-12-12,5653,2324,0.4111091455864143,24.492658765257385,7.924995577569432,44800,75,0.0132672917035202,49122.45
Direct,2024-12-18,5640,2354,0.4173758865248227,24.743439716312057,7.553191489361702,42600,92,0.0163120567375886,66779.855517
Paid Search,2024-12-27,5637,2629,0.4663828277452546,35.37892496008515,8.867305304239844,49985,55,0.0097569629235408,32718.181641
Direct,2024-12-27,5549,2400,0.4325103622274284,26.62353577221121,7.750585691115516,43008,44,0.0079293566408361,20025.349715
Paid Shopping,2024-12-07,5533,1610,0.2909813844207482,7.520332550153624,5.780227724561721,31982,16,0.0028917404662931,7605.05
Direct,2024-12-13,5526,2158,0.3905175533840029,23.433224755700326,7.625226203402099,42137,95,0.0170104958378574,52907.372727
Direct,2024-12-19,5342,2312,0.4327967053538,24.28266566828903,7.496068888056907,40044,86,0.0155372519655559,61561.162025
Direct,2024-12-25,5274,2291,0.4343951459992415,25.941031475161168,7.704967766401213,40636,38,0.0072051573758058,21068.1
Direct,2024-12-20,5248,2258,0.4302591463414634,24.208841463414632,7.415396341463414,38916,73,0.0139100609756097,40270.02
Cross-network,2024-12-02,5192,2333,0.4493451463790446,30.26463790446841,8.463597842835132,43943,76,0.0142526964560862,45807.8
Unassigned,2024-12-21,5122,1451,0.2832877782116361,25.27254978524014,7.004099960952753,35875,112,0.0218664584146817,62896.894104
Paid Search,2024-12-04,5110,2391,0.4679060665362035,36.035420743639925,9.799804305283756,50077,68,0.0133072407045009,39985.7
Referral,2024-12-01,5073,1835,0.3617189040015769,19.380642617780406,6.644983244628425,33710,25,0.0049280504632367,19955.93851
Unassigned,2024-12-22,5037,1187,0.2356561445304744,23.844351796704387,6.819535437760572,34350,90,0.0176692475679968,53579.489433
Direct,2024-12-14,4917,2024,0.4116331096196868,26.024608501118568,8.078299776286354,39721,88,0.0176937156802928,53268.936697
Direct,2024-12-28,4892,2106,0.4304987735077678,29.95175797219951,7.93090760425184,38798,52,0.0106295993458708,29368.75
Referral,2024-12-28,4889,1561,0.3192881979955001,11.418899570464308,5.830231131110657,28504,13,0.00265903047658,5468.61604
Direct,2024-12-29,4836,2132,0.4408602150537634,34.56182795698925,8.301488833746898,40146,67,0.0138544251447477,37455.773562
Organic Shopping,2024-12-16,4814,1169,0.2428334025758205,7.571042791857083,5.233901121728293,25196,3,0.0006231823847112,1236.4
Paid Search,2024-12-16,4801,2299,0.4788585711310144,39.76504894813581,9.948968964799,47765,92,0.0187460945636325,49647.663061
Direct,2024-12-30,4800,2107,0.4389583333333333,27.475,7.699583333333333,36958,56,0.0116666666666666,32898.338607
Unassigned,2024-12-25,4731,1361,0.2876770238850137,25.841893891354893,7.107376875924752,33625,84,0.0177552314521242,45200.225669
Paid Search,2024-12-12,4722,2181,0.4618805590851334,33.282083862770016,9.439220669207964,44572,55,0.0116476069462092,35505.522557
Paid Search,2024-12-10,4690,2197,0.4684434968017057,36.48976545842218,9.911940298507462,46487,59,0.012366737739872,36066.686903
Paid Search,2024-12-26,4687,2259,0.4819714102837636,33.683166204395135,8.579261787924045,40211,38,0.0081075314700234,16120.080394
Paid Search,2024-12-29,4675,2219,0.4746524064171123,32.740748663101606,8.182032085561497,38251,46,0.0096256684491978,29664.886987
Affiliates,2024-12-16,4620,1329,0.2876623376623377,4.644372294372294,5.001298701298701,23106,5,0.001082251082251,4044.2
Organic Shopping,2024-12-22,4521,1397,0.3090024330900243,9.618668436186685,5.618226056182261,25400,12,0.0026542800265428,9156.6
Unassigned,2024-12-24,4499,1367,0.3038452989553234,24.221382529450988,6.760168926428095,30414,82,0.0182262725050011,46539.526717
Organic Search,2024-12-02,4494,2038,0.4534935469514908,42.2659101023587,9.59078771695594,43101,88,0.0193591455273698,52817.320578
Paid Search,2024-12-15,4489,2114,0.4709289374025395,37.76676319893072,10.251058142125196,46017,73,0.016039206950323,47612.49974
Paid Search,2024-12-28,4482,2099,0.4683177153056671,36.738955823293175,8.693886657742079,38966,36,0.0080321285140562,21261.460023
Direct,2024-12-31,4459,1966,0.4409060327427674,27.18457053150931,7.506840098676833,33473,70,0.0152500560663825,45480.09822
Direct,2024-12-22,4448,1900,0.427158273381295,25.77248201438849,7.823291366906475,34798,53,0.0116906474820143,30936.0
Direct,2024-12-21,4399,1923,0.4371448056376449,26.56490111388952,7.84041827688111,34490,52,0.011820868379177,36780.9
Organic Social,2024-12-20,4373,1662,0.3800594557512005,8.985593414132175,5.999542648067688,26236,9,0.0020580836954036,5067.14
Paid Search,2024-12-30,4342,2016,0.4643021649009673,34.83602026715799,8.466144633809304,36760,55,0.0124366651312759,31704.188607
Paid Search,2024-12-09,4317,2077,0.4811211489460273,36.62705582580496,10.509613157285152,45370,81,0.0187630298818624,51887.6
Direct,2024-12-23,4314,1867,0.4327770050996755,22.56606397774687,7.260083449235049,31320,38,0.0088085303662494,21154.15
Cross-network,2024-12-01,4313,1810,0.4196614885230698,32.04683514954788,8.45977277996754,36487,48,0.0111291444470206,25690.4
Paid Search,2024-12-17,4305,2040,0.4738675958188153,39.003948896631826,9.664576074332173,41606,81,0.0188153310104529,53014.6
Paid Search,2024-12-25,4206,2086,0.4959581550166428,38.61055634807418,9.719923918212078,40882,44,0.0104612458392772,23545.15
Organic Shopping,2024-12-17,4200,1111,0.2645238095238095,7.759047619047619,5.212857142857143,21894,9,0.0021428571428571,4809.4
Paid Search,2024-12-13,4193,1966,0.4688766992606725,35.848080133555925,9.503458144526592,39848,66,0.0157405199141426,41891.0
Organic Shopping,2024-12-18,4155,1178,0.2835138387484958,8.740072202166065,5.316967509025271,22092,9,0.0021660649819494,8329.8
Paid Search,2024-12-05,4109,1855,0.4514480408858603,31.644439036261865,9.220491603796544,37887,44,0.0102214650766609,31947.394927
Paid Search,2024-12-14,3981,1941,0.4875659382064808,36.87415222305953,10.280833961316253,40928,58,0.0145692037176588,41074.85
Direct,2024-12-24,3973,1647,0.4145482003523785,22.243392902089106,7.158570349861566,28441,42,0.0105713566574377,28023.55
Paid Search,2024-12-11,3921,1910,0.4871206324917113,37.49349655700077,10.076511094108646,39510,55,0.0137719969395562,28219.290399
Paid Social,2024-12-02,3917,1051,0.268317589992341,3.3372478937962726,4.799591524125606,18800,2,0.000510594842992,948.2
Paid Search,2024-12-18,3915,1957,0.4998722860791826,40.166283524904216,10.00766283524904,39180,67,0.0171136653895274,37514.176543
Paid Social,2024-12-03,3888,989,0.2543724279835391,3.1031378600823047,4.765689300411522,18529,2,0.000514403292181,3297.0
Paid Search,2024-12-23,3881,1837,0.4733316155629992,36.25199690801339,9.56171089925277,37109,37,0.0092759598041741,34362.75
Paid Social,2024-12-01,3870,1035,0.2674418604651162,3.7906976744186047,4.8679586563307495,18839,0,0.0,0.0
Organic Shopping,2024-12-23,3863,1145,0.2964017602899301,7.94020191560963,5.342997670204504,20640,7,0.0018120631633445,6221.6
Referral,2024-12-03,3826,1282,0.3350757971772086,17.234709879769994,6.530580240460011,24986,15,0.0039205436487192,8787.0
Paid Social,2024-12-09,3821,910,0.2381575503794818,2.496205181889558,4.734101020675216,18089,1,0.0002617115938236,606.0
Paid Social,2024-12-25,3766,940,0.2496016994158258,3.2023366967604887,4.71959638874137,17774,0,0.0,0.0
Organic Social,2024-12-10,3707,1377,0.3714594011329916,10.234151605071489,6.134879956838414,22742,16,0.0043161586188292,6108.11
Paid Search,2024-12-20,3704,1719,0.4640928725701944,35.86042116630669,9.392818574514038,34791,51,0.013498920086393,34376.980615
Affiliates,2024-12-02,3665,975,0.2660300136425648,7.88130968622101,5.455934515688949,19996,21,0.0057298772169167,9958.266364
Paid Social,2024-12-04,3653,939,0.2570490008212428,2.3846153846153846,4.728989871338626,17275,2,0.0005474952094169,1275.0
Paid Search,2024-12-19,3646,1835,0.5032912781130006,38.79950630828305,9.960778935820075,36317,76,0.0205704882062534,46546.695809
Paid Search,2024-12-08,3644,1819,0.4991767288693743,37.10428100987925,10.931668496158068,39835,56,0.0153677277716794,33842.119524
Paid Search,2024-12-31,3638,1727,0.4747113798790544,39.24903793293018,9.470313358988456,34453,63,0.0173172072567344,40757.6
Paid Social,2024-12-08,3638,893,0.2454645409565695,2.1621770203408466,5.017592083562397,18254,3,0.0008246289169873,1167.4
Paid Social,2024-12-28,3630,901,0.2482093663911845,2.520661157024793,4.503030303030303,16346,1,0.0002754820936639,1037.0
Affiliates,2024-12-01,3618,1020,0.2819237147595356,9.201768933112216,5.567440574903261,20143,11,0.0030403537866224,4351.4
Paid Search,2024-12-06,3597,1730,0.4809563525159855,35.243258270781205,10.747567417292188,38659,51,0.0136224631637475,36303.772227
Organic Search,2024-12-03,3596,1679,0.4669076751946607,35.6142936596218,8.471357063403781,30463,36,0.0100111234705228,22797.176391
Paid Social,2024-12-15,3520,876,0.2488636363636363,3.0994318181818183,4.775852272727272,16811,1,0.0002840909090909,449.0
Paid Social,2024-12-23,3514,865,0.2461582242458736,1.9889015367103016,4.512521343198634,15857,0,0.0,0.0
Paid Social,2024-12-31,3479,899,0.2584075883874677,3.5697039379131934,4.472549583213567,15560,1,0.0002874389192296,1036.0
Paid Search,2024-12-07,3459,1600,0.4625614339404452,37.583983810349814,10.758022549869905,37212,56,0.0161896501879155,34028.010307
Organic Social,2024-12-21,3447,1299,0.3768494342906875,11.144473455178415,5.917609515520743,20398,10,0.0029010733971569,7377.6
Paid Search,2024-12-22,3405,1577,0.4631424375917768,35.1503671071953,9.276358296622616,31586,48,0.0140969162995594,30963.2
Organic Search,2024-12-04,3402,1562,0.4591416813639036,34.117283950617285,8.183127572016462,27839,26,0.0076425631981187,19074.987826
Paid Social,2024-12-22,3400,920,0.2705882352941176,2.2005882352941177,4.761470588235294,16189,2,0.0005882352941176,1028.2
Paid Search,2024-12-21,3398,1629,0.4793996468510889,41.01706886403767,9.633902295467925,32736,47,0.0138316656856974,30592.195239
Paid Social,2024-12-13,3388,842,0.2485242030696576,2.7508854781582053,4.6641086186540734,15802,1,0.0002951593860684,558.0
Referral,2024-12-10,3378,1075,0.3182356423919479,11.5595026642984,5.945529899348727,20084,8,0.0023682652457075,4125.989863
Organic Search,2024-12-01,3373,1585,0.4699080936851467,41.90453602134598,9.38067002668248,31641,45,0.0133412392528906,30661.765915
Paid Social,2024-12-29,3370,909,0.2697329376854599,3.765875370919882,4.6335311572700295,15615,2,0.000593471810089,1088.8
Referral,2024-12-04,3363,1142,0.3395777579542075,12.639012786202796,6.020814748736248,20248,6,0.0017841213202497,3850.4
Cross-network,2024-12-26,3334,1474,0.4421115776844631,30.11007798440312,7.88992201559688,26305,25,0.00749850029994,13896.8
Paid Social,2024-12-10,3289,816,0.2480997263605959,2.31438127090301,4.689267254484646,15423,4,0.0012161751292186,1797.2
Paid Social,2024-12-21,3273,864,0.2639780018331805,2.071494042163153,4.686526122823098,15339,1,0.0003055300947143,359.2
Paid Social,2024-12-30,3257,854,0.2622044826527479,2.633712004912496,4.528707399447344,14750,1,0.000307031010132,630.4
Paid Social,2024-12-14,3247,856,0.2636279642747151,3.38805050816138,4.800123190637511,15586,0,0.0,0.0
Paid Social,2024-12-05,3242,815,0.2513880320789636,2.186613201727329,4.774213448488587,15478,2,0.000616903146206,1396.2
Paid Social,2024-12-17,3204,883,0.2755930087390761,2.3973158551810236,4.681960049937578,15001,2,0.0006242197253433,1165.2
Paid Social,2024-12-27,3204,837,0.2612359550561798,3.1869538077403248,4.770911360799001,15286,0,0.0,0.0
Organic Social,2024-12-15,3201,1193,0.3726960324898469,12.02218056857232,6.1936894720399875,19826,18,0.0056232427366447,9399.84
Cross-network,2024-12-11,3200,1368,0.4275,27.735,7.8603125,25153,32,0.01,22014.1
Paid Social,2024-12-24,3195,880,0.2754303599374021,2.3164319248826293,4.712989045383412,15058,2,0.0006259780907668,1664.0
Cross-network,2024-12-03,3177,1407,0.4428706326723324,28.68271954674221,8.006295247088449,25436,28,0.0088133459238275,16246.0
Organic Shopping,2024-12-20,3167,1133,0.357751815598358,12.21345121566151,6.0631512472371325,19202,8,0.0025260498894853,5251.0
Paid Social,2024-12-11,3154,830,0.2631578947368421,3.8072289156626504,4.919150285351934,15515,3,0.0009511731135066,794.54
Cross-network,2024-12-29,3153,1437,0.4557564224548049,30.814145258483983,7.391056137012369,23304,24,0.0076117982873453,15676.2
Paid Social,2024-12-26,3128,783,0.2503196930946291,3.0850383631713556,4.740728900255754,14829,1,0.0003196930946291,1036.0
Paid Social,2024-12-12,3053,758,0.2482803799541434,2.6115296429741237,4.655420897477891,14213,2,0.0006550933508024,1197.6
Referral,2024-12-16,3038,920,0.3028308097432521,15.1211323238973,6.0263331138907175,18308,15,0.0049374588545095,9570.6
Organic Search,2024-12-10,3032,1377,0.454155672823219,36.08278364116095,8.016160949868073,24305,22,0.0069261213720316,11420.203637
Organic Search,2024-12-11,3025,1421,0.4697520661157024,36.55669421487603,8.930578512396695,27015,32,0.0105785123966942,24136.512828
Organic Social,2024-12-17,3015,1125,0.373134328358209,8.550580431177446,5.690547263681592,17157,13,0.0043117744610281,5199.28
Paid Social,2024-12-07,2996,763,0.2546728971962617,2.5807743658210947,5.12283044058745,15348,3,0.0010013351134846,1504.0
Paid Social,2024-12-18,2984,848,0.2841823056300268,3.0251340482573728,4.858243967828418,14497,1,0.0003351206434316,1099.2
Organic Search,2024-12-09,2980,1386,0.4651006711409396,35.47751677852349,8.548322147651007,25474,23,0.0077181208053691,11940.4
Organic Social,2024-12-22,2967,1193,0.4020896528479946,11.535220761712168,6.121334681496461,18162,11,0.0037074486012807,5245.04
Paid Social,2024-12-16,2965,743,0.2505902192242833,2.7871838111298484,4.747048903878584,14075,2,0.0006745362563237,1087.57
Organic Social,2024-12-16,2959,1121,0.3788442041230145,9.679959445758705,5.8874619803987835,17421,16,0.0054072321730314,8245.169685
Cross-network,2024-12-10,2955,1216,0.4115059221658206,27.15972927241963,7.7096446700507615,22782,29,0.009813874788494,15289.097984
Organic Search,2024-12-27,2949,1457,0.4940657850118684,35.01763309596473,8.111902339776195,23922,25,0.0084774499830451,14751.8
Organic Search,2024-12-26,2934,1399,0.4768234492160872,42.15576005453306,8.110770279481937,23797,26,0.0085207907293796,11296.222353
Cross-network,2024-12-27,2926,1326,0.4531784005468216,32.40020505809979,7.69172932330827,22506,12,0.0041011619958988,7568.8
Cross-network,2024-12-30,2873,1318,0.4587539157674904,28.78141315697877,7.4928646014618865,21527,23,0.0080055690915419,12916.8
Organic Shopping,2024-12-19,2871,943,0.3284569836293974,11.07697666318356,5.966213862765587,17129,11,0.003831417624521,9890.0
Paid Social,2024-12-06,2871,744,0.2591431556948798,2.479972135144549,5.057122953674678,14519,0,0.0,0.0
Organic Social,2024-12-12,2865,1066,0.3720767888307155,9.779057591623037,6.132635253054101,17570,13,0.0045375218150087,7460.05
Referral,2024-12-12,2863,1012,0.3534753754802655,16.6315054139015,6.5354523227383865,18711,9,0.0031435557107928,5582.0
Paid Social,2024-12-19,2847,763,0.2680014049877063,2.2771338250790305,4.764313312258518,13564,0,0.0,0.0
Organic Search,2024-12-28,2843,1350,0.4748505100246218,41.841013014421385,8.140344706296165,23143,20,0.0070348223707351,11659.956949
Organic Search,2024-12-05,2827,1325,0.4686947293951185,35.91333569154581,8.831623629288998,24967,26,0.0091970286522815,14302.6
Organic Search,2024-12-29,2823,1379,0.4884874247254693,40.524619199433225,8.119376549769749,22921,21,0.0074388947927736,8922.453475
Cross-network,2024-12-15,2784,1259,0.4522270114942529,30.291666666666668,8.15625,22707,35,0.0125718390804597,23454.8
Cross-network,2024-12-28,2775,1298,0.4677477477477477,33.42918918918919,7.758558558558558,21530,16,0.0057657657657657,8615.105205
Affiliates,2024-12-28,2758,862,0.312545322697607,8.891588107324148,5.598984771573604,15442,5,0.0018129079042784,2013.8
Organic Search,2024-12-30,2733,1330,0.48664471276985,36.32601536772777,7.86827661909989,21504,15,0.0054884742041712,6478.143436
Cross-network,2024-12-31,2728,1232,0.4516129032258064,30.383064516129032,7.474706744868035,20391,27,0.0098973607038123,16697.0
Organic Search,2024-12-06,2724,1199,0.4401615271659324,31.878854625550662,8.815712187958884,24014,30,0.0110132158590308,14483.02325
Organic Shopping,2024-12-21,2714,944,0.3478260869565217,11.647752394988949,6.040530582166544,16394,7,0.0025792188651436,6100.4
Organic Social,2024-12-19,2703,1013,0.3747687754347021,9.4173140954495,5.780984091749907,15626,18,0.0062893081761006,12010.88
Organic Social,2024-12-11,2687,997,0.3710457759583178,10.932638630442874,6.1369557126907335,16490,9,0.003349460364719,7583.55
Referral,2024-12-08,2671,927,0.3470610258330213,14.459752901535005,6.400224634968176,17095,11,0.0041183077499064,7374.0
Organic Search,2024-12-16,2651,1300,0.4903809883062995,39.29875518672199,8.708034703885327,23085,43,0.0158430780837419,24868.4
Organic Search,2024-12-12,2639,1184,0.4486547934823797,32.46153846153846,8.479348237968928,22377,18,0.006820765441455,13799.8
Organic Social,2024-12-27,2636,1113,0.4222306525037936,12.071320182094082,6.133156297420334,16167,6,0.0022761760242792,3501.2
Organic Social,2024-12-18,2627,1006,0.3829463266082984,8.439284354777312,5.615150361629235,14751,13,0.0049486105824134,12539.36
Organic Search,2024-12-13,2598,1179,0.4538106235565819,33.039645881447264,8.22055427251732,21357,21,0.0080831408775981,14521.163204
Organic Search,2024-12-08,2596,1175,0.4526194144838212,38.586671802773495,8.794298921417566,22830,26,0.010015408320493,17611.256833
Organic Shopping,2024-12-27,2595,1326,0.5109826589595375,26.847013487475916,8.352601156069364,21675,9,0.0034682080924855,4944.95
Referral,2024-12-05,2593,929,0.3582722715001928,16.688777477824914,6.72580023139221,17440,6,0.002313922097956,3088.7
Organic Social,2024-12-31,2585,1021,0.3949709864603482,10.554738878143134,5.540425531914893,14322,9,0.0034816247582205,5509.33
Cross-network,2024-12-12,2576,1025,0.3979037267080745,25.952639751552795,7.457686335403727,19211,20,0.0077639751552795,15527.0
Cross-network,2024-12-16,2571,1106,0.4301828082458187,26.90781796966161,7.744068455853753,19910,17,0.0066122131466355,11046.0
Organic Social,2024-12-28,2571,993,0.3862310385064177,10.60676779463244,6.013224426293271,15460,12,0.0046674445740956,5412.95
Organic Search,2024-12-15,2567,1185,0.4616283599532528,37.12738605375925,8.57265290222049,22006,34,0.0132450331125827,20700.367472
Paid Search,2024-12-24,2567,1221,0.4756525126606934,36.48422282820413,9.137514608492404,23456,36,0.0140241527074405,21881.55
Organic Search,2024-12-25,2563,1230,0.4799063597346859,37.667577058134995,7.958252048380804,20397,16,0.0062426843542723,6374.928892
Affiliates,2024-12-03,2548,663,0.2602040816326531,7.753139717425432,5.220957613814757,13303,6,0.0023547880690737,2440.2
Cross-network,2024-12-25,2522,1129,0.4476605868358446,29.909595559080095,7.729579698651864,19494,14,0.0055511498810467,8145.4
Organic Search,2024-12-17,2522,1174,0.4655035685963521,36.7101506740682,8.75218080888184,22073,34,0.0134813639968279,15747.04854
Cross-network,2024-12-04,2517,1022,0.4060389352403655,25.937624155740963,7.591974572904251,19109,26,0.0099324592769169,14248.4
Organic Social,2024-12-23,2497,904,0.3620344413295955,9.058470164197036,5.680816980376452,14185,9,0.0036043251902282,6276.85
Referral,2024-12-15,2497,836,0.3348017621145374,19.034040849018822,6.2583099719663595,15627,6,0.0024028834601521,2874.6
Cross-network,2024-12-09,2494,1040,0.4170008019246191,26.643945469125903,7.712109061748196,19234,23,0.0092221331194867,15578.427901
Cross-network,2024-12-17,2476,1107,0.447092084006462,29.94830371567044,7.850969305331179,19439,28,0.0109046849757673,16113.19
Paid Social,2024-12-20,2475,667,0.2694949494949495,2.8412121212121213,4.801212121212121,11883,2,0.0008080808080808,948.2
Organic Search,2024-12-07,2473,1126,0.4553174282248281,33.36676101900526,8.680549939344925,21467,21,0.0084917104731095,15798.255979
Cross-network,2024-12-05,2470,1039,0.4206477732793522,30.193117408906883,8.044129554655871,19869,20,0.0076923076923076,11282.6
Affiliates,2024-12-08,2449,573,0.2339730502245814,6.227031441404655,5.5014291547570435,13473,5,0.0020416496529195,2202.5576
Cross-network,2024-12-07,2449,1044,0.4262964475296039,28.82564311964067,8.182931808901593,20040,21,0.0085749285422621,14509.2
Organic Search,2024-12-31,2433,1151,0.4730785039046444,38.56884504726675,8.406905055487053,20454,23,0.0090423345663789,17947.203135
Cross-network,2024-12-08,2415,1006,0.4165631469979296,25.704347826086956,8.177225672877848,19748,26,0.0107660455486542,15835.628878
Referral,2024-12-11,2405,848,0.3525987525987526,17.906029106029106,6.552598752598753,15759,8,0.0033264033264033,3416.6
Organic Social,2024-12-29,2382,954,0.4005037783375315,13.261964735516372,5.996221662468514,14283,10,0.0041981528127623,8109.11
Affiliates,2024-12-07,2374,537,0.2262005054759898,6.822240943555181,5.4469250210614995,12931,1,0.0004212299915754,296.65
Referral,2024-12-13,2374,833,0.3508845829823083,16.76916596461668,6.540016849199663,15526,10,0.004212299915754,5584.992685
Cross-network,2024-12-19,2368,1035,0.4370777027027027,26.63302364864865,7.515202702702703,17796,30,0.0126689189189189,24748.55
Cross-network,2024-12-13,2362,1026,0.4343776460626588,25.02540220152413,7.632938187976292,18029,20,0.008467400508044,14653.368177
Cross-network,2024-12-21,2352,1039,0.4417517006802721,27.068877551020407,7.36437074829932,17321,17,0.0072278911564625,11057.8
Organic Social,2024-12-25,2339,977,0.4176998717400598,12.17486105173151,6.141085934159897,14364,12,0.0051303976058144,5867.71
Organic Search,2024-12-19,2333,1086,0.4654950707243892,39.386198028289755,8.555079297042434,19959,33,0.0141448778396913,20513.949352
Cross-network,2024-12-18,2328,1003,0.4308419243986254,29.037800687285223,7.690292096219931,17903,25,0.0107388316151202,19366.4
Organic Shopping,2024-12-02,2312,926,0.4005190311418685,22.70242214532872,8.139705882352942,18819,34,0.0147058823529411,26429.4
Referral,2024-12-30,2306,840,0.3642671292281006,19.485689505637467,6.452298352124892,14879,10,0.0043365134431916,4151.4
Organic Social,2024-12-26,2302,940,0.4083405734144222,12.718071242397915,6.204604691572546,14283,13,0.0056472632493483,6957.93
Cross-network,2024-12-23,2293,989,0.4313126907980811,28.398604448320977,7.508940252943741,17218,17,0.0074138682948102,8351.0
Cross-network,2024-12-22,2272,994,0.4375,33.00924295774648,7.591109154929577,17247,19,0.008362676056338,15154.386578
Organic Social,2024-12-30,2271,938,0.4130339057683839,11.61074416556583,5.827829150154117,13235,14,0.0061646851607221,10639.92
Cross-network,2024-12-14,2270,989,0.4356828193832599,27.482819383259912,7.860792951541851,17844,17,0.0074889867841409,8522.883935
Referral,2024-12-07,2270,781,0.3440528634361233,17.01453744493392,6.624669603524229,15038,6,0.0022026431718061,4291.15
Referral,2024-12-29,2238,817,0.3650580875781948,21.532171581769436,6.319481680071492,14143,15,0.0067024128686327,6334.852168
Organic Search,2024-12-18,2232,1073,0.4807347670250896,37.93458781362007,9.043906810035844,20186,39,0.0170250896057347,22912.173752
Organic Social,2024-12-14,2194,811,0.369644484958979,11.412032816773015,6.2278942570647216,13664,15,0.0068368277119416,8280.38
Organic Shopping,2024-12-11,2191,885,0.403925148334094,14.947512551346415,7.039707895937928,15424,13,0.0059333637608397,8620.0
Organic Search,2024-12-14,2188,1018,0.4652650822669104,34.290219378427786,8.509140767824498,18618,28,0.0127970749542961,14718.779255
Organic Search,2024-12-23,2176,986,0.453125,35.05101102941177,8.029871323529411,17473,19,0.0087316176470588,10825.0713
Organic Social,2024-12-24,2172,811,0.3733885819521179,9.793278084714547,5.704419889502763,12390,4,0.001841620626151,2056.24
Referral,2024-12-31,2169,916,0.4223144306131858,22.50668510834486,6.933148916551406,15038,23,0.0106039649608114,15001.2
Organic Shopping,2024-12-25,2165,823,0.3801385681293303,19.131639722863746,6.7635103926096996,14643,4,0.0018475750577367,2217.96
Cross-network,2024-12-20,2162,960,0.4440333024976873,30.50971322849214,8.037465309898243,17377,26,0.0111008325624421,19780.15
Organic Social,2024-12-13,2131,745,0.349601126231816,9.068512435476302,5.694509619896762,12135,8,0.003754106053496,4448.31
Referral,2024-12-06,2122,803,0.3784165881244109,17.809613572101792,7.0051837888784165,14865,12,0.005655042412818,11119.4
Organic Shopping,2024-12-15,2114,814,0.3850520340586565,18.55298013245033,7.176442762535478,15171,14,0.0066225165562913,8785.6
Referral,2024-12-18,2106,799,0.3793922127255461,16.21794871794872,6.2250712250712255,13110,10,0.0047483380816714,7664.0
Organic Shopping,2024-12-04,2082,774,0.3717579250720461,19.775696445725263,7.485110470701249,15584,8,0.0033621517771373,5035.94
Affiliates,2024-12-12,2049,494,0.2410932162030258,6.0556368960468525,5.2137628111273795,10683,4,0.0019521717911176,1968.85
Organic Search,2024-12-22,2047,947,0.462628236443576,37.40498290180752,8.49389350268686,17387,19,0.0092818759159745,11719.661388
Organic Shopping,2024-12-08,2016,687,0.3407738095238095,15.519345238095235,7.1021825396825395,14318,9,0.0044642857142857,5709.4
Organic Shopping,2024-12-03,2013,822,0.4083457526080477,20.09637357178341,7.632389468455043,15364,12,0.0059612518628912,6784.2
Referral,2024-12-21,1992,755,0.3790160642570281,16.627008032128515,6.173694779116466,12298,3,0.001004016064257,1009.030541
Affiliates,2024-12-15,1983,469,0.2365103378719112,5.311649016641453,5.101361573373676,10116,2,0.0010085728693898,638.4
Organic Search,2024-12-20,1965,935,0.4758269720101781,33.98167938931298,8.083460559796437,15884,26,0.0132315521628498,16031.216657
Referral,2024-12-17,1962,695,0.3542303771661569,16.2986748216106,6.529051987767584,12810,7,0.0035677879714576,4665.4
Cross-network,2024-12-06,1952,806,0.4129098360655737,24.991290983606557,7.60655737704918,14848,16,0.0081967213114754,14608.506085
Referral,2024-12-23,1935,773,0.3994832041343669,22.65736434108527,6.578294573643411,12729,7,0.0036175710594315,3260.0
Referral,2024-12-22,1923,766,0.3983359334373375,18.128965158606345,6.3978159126365055,12303,6,0.0031201248049922,5285.4
Referral,2024-12-19,1901,738,0.3882167280378748,20.663861125723304,6.799053129931615,12925,7,0.0036822724881641,3849.0
Organic Search,2024-12-21,1880,893,0.475,36.933510638297875,8.12659574468085,15278,17,0.0090425531914893,8790.230905
Referral,2024-12-14,1861,609,0.3272434175174637,17.319720580333154,6.471252015045675,12043,4,0.0021493820526598,1756.8
Organic Shopping,2024-12-24,1845,682,0.3696476964769647,12.75880758807588,6.190785907859079,11422,4,0.0021680216802168,1190.6
Affiliates,2024-12-27,1821,661,0.3629873695771554,11.074135090609555,6.032948929159803,10986,7,0.0038440417353102,3392.673124
Organic Shopping,2024-12-05,1810,633,0.3497237569060773,14.931491712707182,6.94585635359116,12572,8,0.0044198895027624,4000.6
Affiliates,2024-12-10,1800,460,0.2555555555555555,7.723333333333334,5.376111111111111,9677,3,0.0016666666666666,2333.0
Organic Shopping,2024-12-10,1796,760,0.4231625835189309,18.084075723830736,7.704899777282851,13838,9,0.005011135857461,4675.55
Affiliates,2024-12-14,1757,462,0.2629482071713147,4.966420034149118,5.084803642572567,8934,3,0.0017074558907228,1914.1
Organic Shopping,2024-12-31,1721,776,0.4509006391632771,22.115630447414297,6.94131319000581,11946,7,0.0040674026728646,6201.4
Affiliates,2024-12-29,1715,512,0.2985422740524781,7.96734693877551,5.124781341107871,8789,4,0.0023323615160349,956.6
Organic Shopping,2024-12-29,1712,839,0.4900700934579439,30.41822429906542,7.995911214953271,13689,8,0.0046728971962616,7428.6
Organic Search,2024-12-24,1707,792,0.4639718804920913,33.28588166373755,7.638547158758055,13039,16,0.0093731693028705,7909.0
Organic Shopping,2024-12-30,1672,772,0.4617224880382775,25.545454545454547,7.4605263157894735,12474,3,0.0017942583732057,1898.0
Organic Shopping,2024-12-26,1585,662,0.4176656151419558,18.904731861198737,7.052365930599369,11178,6,0.0037854889589905,3334.95
Referral,2024-12-20,1554,563,0.3622908622908622,15.965250965250965,6.487773487773488,10082,6,0.0038610038610038,9912.2
Cross-network,2024-12-24,1510,675,0.4470198675496689,28.166887417218543,7.556291390728477,11410,10,0.0066225165562913,6787.4
Organic Shopping,2024-12-09,1497,608,0.4061456245824983,19.50367401469606,7.881095524382098,11798,8,0.0053440213760855,5813.51
Affiliates,2024-12-17,1469,431,0.2933968686181075,8.60789652825051,5.349217154526889,7858,1,0.0006807351940095,334.4
Referral,2024-12-24,1461,565,0.3867214236824093,19.65503080082135,6.511978097193703,9514,3,0.002053388090349,2728.4
Affiliates,2024-12-13,1399,378,0.270192994996426,6.994996426018584,5.298784846318799,7413,1,0.0007147962830593,296.65
Organic Shopping,2024-12-14,1398,560,0.4005722460658083,16.19599427753934,7.042203147353362,9845,11,0.007868383404864,9049.6
Affiliates,2024-12-09,1397,375,0.2684323550465283,6.841803865425913,5.485325697924123,7663,1,0.0007158196134574,279.2
Organic Shopping,2024-12-12,1320,564,0.4272727272727272,20.61060606060606,7.636363636363637,10080,5,0.0037878787878787,4735.8
Referral,2024-12-25,1304,516,0.3957055214723926,17.328220858895705,6.690184049079755,8724,10,0.0076687116564417,6151.8
Organic Shopping,2024-12-28,1255,600,0.4780876494023904,28.608764940239045,8.088446215139442,10151,9,0.0071713147410358,7050.4
Affiliates,2024-12-04,1208,387,0.320364238410596,9.431291390728475,5.439569536423841,6571,1,0.0008278145695364,279.2
Affiliates,2024-12-22,1176,353,0.3001700680272108,7.372448979591836,5.351190476190476,6293,2,0.0017006802721088,885.6
Affiliates,2024-12-30,1156,421,0.3641868512110726,14.158304498269896,5.8166089965397925,6724,3,0.0025951557093425,657.4
Organic Shopping,2024-12-13,1118,447,0.3998211091234347,16.917710196779964,7.18783542039356,8036,8,0.0071556350626118,5005.6
Affiliates,2024-12-06,1017,310,0.3048180924287119,10.105211406096362,6.188790560471976,6294,1,0.0009832841691248,630.4
Affiliates,2024-12-11,1015,256,0.2522167487684729,8.954679802955665,5.510344827586207,5593,3,0.0029556650246305,2556.65
SMS,2024-12-02,1012,547,0.5405138339920948,47.86166007905138,10.014822134387352,10135,27,0.0266798418972332,19659.8
Affiliates,2024-12-05,992,291,0.2933467741935484,9.441532258064516,5.84375,5797,1,0.001008064516129,349.0
SMS,2024-12-03,976,505,0.5174180327868853,47.03176229508197,9.76434426229508,9530,17,0.0174180327868852,13200.6
Affiliates,2024-12-31,910,334,0.367032967032967,14.715384615384616,6.0175824175824175,5476,5,0.0054945054945054,2515.6
Organic Shopping,2024-12-07,799,330,0.4130162703379224,22.543178973717147,8.334167709637047,6659,4,0.0050062578222778,2091.930689
SMS,2024-12-14,793,356,0.4489281210592686,33.12358133669609,7.765447667087011,6158,3,0.0037831021437578,922.8
Affiliates,2024-12-23,761,250,0.328515111695138,9.312746386333773,5.755584756898817,4380,3,0.0039421813403416,607.05
Organic Shopping,2024-12-06,658,299,0.4544072948328267,27.559270516717326,8.781155015197568,5778,7,0.0106382978723404,3272.4
SMS,2024-12-20,651,307,0.4715821812596006,30.643625192012287,8.044546850998463,5237,3,0.0046082949308755,583.6
SMS,2024-12-07,605,311,0.5140495867768595,38.062809917355374,9.849586776859503,5959,10,0.0165289256198347,5622.8
Affiliates,2024-12-19,575,191,0.3321739130434782,8.629565217391304,5.563478260869565,3199,1,0.0017391304347826,296.65
Affiliates,2024-12-20,543,196,0.3609576427255985,10.679558011049725,5.558011049723757,3018,0,0.0,0.0
Affiliates,2024-12-21,532,187,0.3515037593984962,13.75563909774436,5.87593984962406,3126,2,0.0037593984962406,638.4
Affiliates,2024-12-18,521,149,0.2859884836852207,4.844529750479847,5.145873320537428,2681,0,0.0,0.0
Affiliates,2024-12-26,506,206,0.4071146245059288,13.717391304347826,6.41501976284585,3246,2,0.0039525691699604,575.85
Affiliates,2024-12-24,443,143,0.3227990970654628,8.191873589164786,5.573363431151241,2469,0,0.0,0.0
SMS,2024-12-26,383,180,0.4699738903394256,34.64229765013055,7.584856396866841,2905,1,0.0026109660574412,279.2
SMS,2024-12-09,379,163,0.4300791556728232,26.720316622691293,7.62269129287599,2889,1,0.0026385224274406,1643.0
SMS,2024-12-16,368,162,0.4402173913043478,27.154891304347824,7.673913043478261,2824,6,0.0135869565217391,3489.8
Paid Other,2024-12-02,347,98,0.2824207492795389,10.639769452449569,5.484149855907781,1903,2,0.0057636887608069,358.4
Affiliates,2024-12-25,314,112,0.3566878980891719,14.68471337579618,6.028662420382165,1893,1,0.0031847133757961,186.4
SMS,2024-12-23,310,149,0.4806451612903226,52.05161290322581,9.503225806451614,2946,5,0.0161290322580645,2153.0
SMS,2024-12-31,297,159,0.5353535353535354,40.35016835016835,7.959595959595959,2364,6,0.0202020202020202,2082.8
SMS,2024-12-08,287,138,0.4808362369337979,38.66202090592334,8.874564459930314,2547,1,0.0034843205574912,279.2
Paid Other,2024-12-01,273,65,0.238095238095238,4.377289377289378,4.523809523809524,1235,0,0.0,0.0
Email,2024-12-17,261,115,0.4406130268199233,29.72796934865901,6.118773946360153,1597,2,0.0076628352490421,1034.2
SMS,2024-12-04,234,118,0.5042735042735043,36.73504273504273,8.816239316239317,2063,6,0.0256410256410256,5568.4
SMS,2024-12-01,212,97,0.4575471698113207,44.83490566037736,9.29245283018868,1970,5,0.0235849056603773,3328.2
SMS,2024-12-15,206,99,0.4805825242718446,39.86407766990291,8.344660194174757,1719,4,0.0194174757281553,1925.2
SMS,2024-12-19,196,80,0.4081632653061224,38.22959183673469,8.678571428571429,1701,4,0.0204081632653061,1558.0
Email,2024-12-18,195,100,0.5128205128205128,29.07179487179487,7.3076923076923075,1425,1,0.0051282051282051,669.0
Email,2024-12-13,194,55,0.2835051546391752,12.536082474226804,5.762886597938144,1118,2,0.0103092783505154,1092.2
Email,2024-12-12,193,56,0.2901554404145077,16.093264248704664,5.119170984455959,988,0,0.0,0.0
Email,2024-12-14,187,44,0.2352941176470588,13.401069518716575,5.684491978609626,1063,2,0.0106951871657754,739.4
Paid Other,2024-12-03,170,57,0.3352941176470588,7.894117647058824,5.270588235294118,896,0,0.0,0.0
Paid Other,2024-12-04,168,64,0.3809523809523809,10.863095238095235,6.25,1050,0,0.0,0.0
SMS,2024-12-21,164,70,0.4268292682926829,23.02439024390244,6.963414634146342,1142,2,0.0121951219512195,1100.15
Email,2024-12-16,149,54,0.3624161073825503,21.825503355704697,7.080536912751678,1055,4,0.0268456375838926,1329.0
SMS,2024-12-10,149,81,0.5436241610738255,29.610738255033556,8.583892617449665,1279,3,0.0201342281879194,907.4
Email,2024-12-19,148,67,0.4527027027027027,24.533783783783782,6.297297297297297,932,1,0.0067567567567567,606.0
SMS,2024-12-18,148,67,0.4527027027027027,40.304054054054056,8.608108108108109,1274,1,0.0067567567567567,359.2
Paid Other,2024-12-05,141,51,0.3617021276595745,6.74468085106383,5.709219858156028,805,0,0.0,0.0
SMS,2024-12-17,131,69,0.5267175572519084,48.25954198473283,8.114503816793894,1063,1,0.0076335877862595,75.0
SMS,2024-12-05,130,56,0.4307692307692308,41.07692307692308,9.584615384615384,1246,3,0.023076923076923,1225.2
SMS,2024-12-06,124,58,0.4677419354838709,33.37096774193548,9.209677419354838,1142,3,0.0241935483870967,3266.2
Email,2024-12-02,122,45,0.3688524590163934,19.901639344262296,7.016393442622951,856,4,0.0327868852459016,1935.4
SMS,2024-12-13,114,54,0.4736842105263157,29.81578947368421,8.649122807017545,986,0,0.0,0.0
Email,2024-12-08,112,49,0.4375,40.848214285714285,8.098214285714286,907,2,0.0178571428571428,1374.2
Email,2024-12-01,111,49,0.4414414414414414,44.73873873873874,8.117117117117116,901,2,0.018018018018018,354.2
SMS,2024-12-11,109,61,0.5596330275229358,65.55963302752293,10.568807339449542,1152,1,0.0091743119266055,582.4
SMS,2024-12-27,108,49,0.4537037037037037,44.842592592592595,8.333333333333334,900,2,0.0185185185185185,903.4
Email,2024-12-04,103,46,0.4466019417475728,32.8252427184466,7.407766990291262,763,1,0.0097087378640776,279.2
SMS,2024-12-22,103,50,0.4854368932038835,49.62135922330097,9.368932038834952,965,2,0.0194174757281553,1643.0
Email,2024-12-15,102,41,0.4019607843137255,22.735294117647054,6.950980392156863,709,0,0.0,0.0
Email,2024-12-05,100,44,0.44,33.95,7.9,790,2,0.02,614.4
Email,2024-12-09,100,51,0.51,31.61,8.58,858,3,0.03,1266.6
Paid Other,2024-12-06,100,24,0.24,3.44,5.18,518,1,0.01,559.2
Paid Other,2024-12-08,95,25,0.2631578947368421,10.873684210526315,6.947368421052632,660,0,0.0,0.0
Email,2024-12-11,94,36,0.3829787234042553,12.829787234042554,6.617021276595745,622,0,0.0,0.0
Email,2024-12-03,91,50,0.5494505494505495,35.30769230769231,10.417582417582418,948,1,0.0109890109890109,359.2
Email,2024-12-31,84,38,0.4523809523809524,30.77380952380953,8.904761904761905,748,4,0.0476190476190476,2576.2
Email,2024-12-06,82,38,0.4634146341463415,30.25609756097561,10.841463414634148,889,3,0.0365853658536585,1399.4
Email,2024-12-23,82,39,0.4756097560975609,27.20731707317073,9.231707317073171,757,2,0.024390243902439,7736.2
Email,2024-12-26,82,41,0.5,51.170731707317074,9.670731707317072,793,3,0.0365853658536585,392.25
SMS,2024-12-30,79,37,0.4683544303797468,40.721518987341774,8.974683544303797,709,1,0.0126582278481012,366.4
Email,2024-12-07,77,37,0.4805194805194805,70.53246753246754,9.935064935064934,765,2,0.0259740259740259,3218.2
SMS,2024-12-29,77,44,0.5714285714285714,36.48051948051948,8.571428571428571,660,1,0.0129870129870129,79.0
SMS,2024-12-24,68,30,0.4411764705882353,18.676470588235293,6.117647058823529,416,0,0.0,0.0
Email,2024-12-27,66,31,0.4696969696969697,92.93939393939394,11.43939393939394,755,1,0.0151515151515151,779.0
Paid Other,2024-12-09,65,19,0.2923076923076923,3.107692307692308,4.615384615384615,300,0,0.0,0.0
Email,2024-12-20,64,26,0.40625,27.921875,7.953125,509,2,0.03125,675.4
Email,2024-12-21,60,27,0.45,38.5,8.116666666666667,487,2,0.0333333333333333,2199.4
Email,2024-12-24,60,23,0.3833333333333333,25.383333333333333,7.716666666666667,463,2,0.0333333333333333,1164.0
Email,2024-12-30,60,32,0.5333333333333333,32.233333333333334,7.566666666666666,454,0,0.0,0.0
SMS,2024-12-12,59,33,0.559322033898305,22.338983050847457,9.203389830508474,543,2,0.0338983050847457,458.4
Email,2024-12-22,57,27,0.4736842105263157,43.280701754385966,8.263157894736842,471,1,0.0175438596491228,79.2
Paid Other,2024-12-07,57,15,0.2631578947368421,3.6842105263157894,5.43859649122807,310,0,0.0,0.0
SMS,2024-12-25,57,35,0.6140350877192983,36.64912280701754,8.24561403508772,470,0,0.0,0.0
Email,2024-12-29,56,30,0.5357142857142857,28.964285714285715,6.732142857142857,377,1,0.0178571428571428,606.0
Email,2024-12-28,51,30,0.5882352941176471,27.03921568627451,7.666666666666667,391,0,0.0,0.0
Email,2024-12-10,50,25,0.5,23.84,8.3,415,3,0.06,1595.4
Email,2024-12-25,48,22,0.4583333333333333,27.020833333333332,9.791666666666666,470,2,0.0416666666666666,1108.2
Paid Other,2024-12-11,43,10,0.2325581395348837,4.558139534883721,4.744186046511628,204,0,0.0,0.0
SMS,2024-12-28,43,19,0.4418604651162791,32.2093023255814,8.465116279069768,364,0,0.0,0.0
Organic Video,2024-12-17,36,14,0.3888888888888889,7.361111111111111,5.194444444444445,187,0,0.0,0.0
Paid Other,2024-12-10,35,6,0.1714285714285714,12.571428571428571,6.571428571428571,230,0,0.0,0.0
Paid Other,2024-12-12,31,6,0.1935483870967742,6.161290322580645,6.161290322580645,191,0,0.0,0.0
Paid Other,2024-12-30,30,6,0.2,1.4666666666666666,3.7666666666666666,113,0,0.0,0.0
Paid Other,2024-12-13,29,4,0.1379310344827586,5.724137931034483,5.413793103448276,157,0,0.0,0.0
Paid Other,2024-12-14,23,7,0.3043478260869565,60.65217391304348,14.478260869565217,333,1,0.0434782608695652,669.0
Organic Video,2024-12-13,22,13,0.5909090909090909,17.272727272727273,5.954545454545454,131,0,0.0,0.0
Paid Other,2024-12-28,22,6,0.2727272727272727,8.272727272727273,5.2727272727272725,116,0,0.0,0.0
Organic Video,2024-12-15,21,9,0.4285714285714285,9.285714285714286,6.0,126,0,0.0,0.0
Paid Other,2024-12-17,21,9,0.4285714285714285,20.904761904761905,6.476190476190476,136,0,0.0,0.0
Paid Other,2024-12-24,21,4,0.1904761904761904,5.857142857142857,4.238095238095238,89,0,0.0,0.0
Paid Other,2024-12-21,20,8,0.4,10.2,4.85,97,0,0.0,0.0
Paid Other,2024-12-23,20,3,0.15,2.3,4.2,84,0,0.0,0.0
Paid Other,2024-12-29,16,7,0.4375,7.75,5.1875,83,0,0.0,0.0
Organic Video,2024-12-16,15,7,0.4666666666666667,26.266666666666666,5.733333333333333,86,0,0.0,0.0
Paid Other,2024-12-18,15,3,0.2,1.6666666666666667,4.2,63,0,0.0,0.0
Organic Video,2024-12-19,13,6,0.4615384615384615,14.0,6.615384615384615,86,0,0.0,0.0
Organic Video,2024-12-14,12,2,0.1666666666666666,1.75,4.333333333333333,52,0,0.0,0.0
Paid Other,2024-12-15,11,3,0.2727272727272727,2.1818181818181817,6.181818181818182,68,0,0.0,0.0
Paid Other,2024-12-19,11,0,0.0,0.0,3.5454545454545454,39,0,0.0,0.0
Paid Other,2024-12-25,11,6,0.5454545454545454,62.18181818181818,11.181818181818182,123,0,0.0,0.0
Organic Video,2024-12-04,10,5,0.5,57.4,12.7,127,0,0.0,0.0
Organic Video,2024-12-20,10,5,0.5,5.9,4.9,49,0,0.0,0.0
Paid Other,2024-12-31,10,1,0.1,0.6,3.4,34,0,0.0,0.0
Paid Other,2024-12-16,9,2,0.2222222222222222,9.555555555555555,5.888888888888889,53,0,0.0,0.0
Organic Video,2024-12-03,8,5,0.625,29.375,10.0,80,0,0.0,0.0
Paid Other,2024-12-26,8,3,0.375,7.0,5.25,42,0,0.0,0.0
Organic Video,2024-12-01,7,4,0.5714285714285714,24.285714285714285,10.714285714285714,75,0,0.0,0.0
Organic Video,2024-12-18,5,3,0.6,35.2,5.6,28,0,0.0,0.0
Organic Video,2024-12-27,5,3,0.6,8.6,4.6,23,0,0.0,0.0
Organic Video,2024-12-29,5,2,0.4,1.2,5.4,27,0,0.0,0.0
Paid Other,2024-12-22,5,0,0.0,0.0,2.8,14,0,0.0,0.0
Organic Video,2024-12-07,4,2,0.5,17.5,12.75,51,0,0.0,0.0
Organic Video,2024-12-21,4,2,0.5,96.0,10.75,43,0,0.0,0.0
Paid Other,2024-12-27,4,3,0.75,26.5,7.75,31,0,0.0,0.0
Organic Video,2024-12-02,3,1,0.3333333333333333,129.66666666666666,11.333333333333334,34,0,0.0,0.0
Organic Video,2024-12-08,3,0,0.0,0.0,3.6666666666666665,11,0,0.0,0.0
Organic Video,2024-12-22,3,2,0.6666666666666666,29.0,9.333333333333334,28,0,0.0,0.0
Organic Video,2024-12-24,3,1,0.3333333333333333,31.333333333333332,9.0,27,0,0.0,0.0
Organic Video,2024-12-25,3,2,0.6666666666666666,2.0,5.0,15,0,0.0,0.0
Organic Video,2024-12-26,3,0,0.0,0.0,3.6666666666666665,11,0,0.0,0.0
Paid Other,2024-12-20,3,2,0.6666666666666666,5.666666666666667,5.0,15,0,0.0,0.0
Display,2024-12-12,2,1,0.5,9.0,5.0,10,0,0.0,0.0
Organic Video,2024-12-09,2,0,0.0,0.0,4.5,9,0,0.0,0.0
Organic Video,2024-12-10,2,1,0.5,2.5,5.0,10,0,0.0,0.0
Organic Video,2024-12-11,2,1,0.5,6.5,8.0,16,0,0.0,0.0
Organic Video,2024-12-28,2,1,0.5,8.5,5.0,10,0,0.0,0.0
Organic Video,2024-12-31,2,1,0.5,31.5,4.5,9,0,0.0,0.0
Organic Video,2024-12-06,1,1,1.0,0.0,4.0,4,0,0.0,0.0
Organic Video,2024-12-30,1,1,1.0,11.0,6.0,6,0,0.0,0.0
