"New or returning customer","Month","Day","Customers","Orders","Total sales","Month (previous_year)","Day (previous_year)","Customers (previous_year)","Orders (previous_year)","Total sales (previous_year)","Customers (previous_year) ","Orders (previous_year) ","Total sales (previous_year) "
"Returning","2025-01-01","2025-01-17",97,101,27810.72,"2024-01-01","2024-01-17",53,53,9706.8,83.01886792452831,90.56603773584905,186.507
"Returning","2025-01-01","2025-01-05",60,60,23973.14,"2024-01-01","2024-01-05",69,69,10796.32,-13.043478260869565,-13.043478260869565,122.049
"New","2025-01-01","2025-01-31",100,100,13535.31,"2024-01-01","2024-01-31",120,120,76170.48,-16.666666666666668,-16.666666666666668,-82.23
"New","2025-01-01","2025-01-30",109,109,52808.8,"2024-01-01","2024-01-30",114,114,68709.17,-4.385964912280702,-4.385964912280702,-23.141
"Returning","2025-01-01","2025-01-19",77,77,19665.17,"2024-01-01","2024-01-19",64,66,12528.93,20.3125,16.666666666666668,56.958
"New","2025-01-01","2025-01-29",119,119,70113.55,"2024-01-01","2024-01-29",143,143,91885.01,-16.783216783216783,-16.783216783216783,-23.694
"Returning","2025-01-01","2025-01-20",59,61,20135.52,"2024-01-01","2024-01-20",49,49,18266.23,20.408163265306122,24.489795918367346,10.233
"New","2025-01-01","2025-01-14",118,118,69187.61,"2024-01-01","2024-01-14",110,110,86869.59,7.2727272727272725,7.2727272727272725,-20.354
"New","2025-01-01","2025-01-13",122,122,46568.49,"2024-01-01","2024-01-13",99,99,70381.17,23.232323232323232,23.232323232323232,-33.833
"New","2025-01-01","2025-01-15",106,106,52801.83,"2024-01-01","2024-01-15",148,148,114487.09,-28.37837837837838,-28.37837837837838,-53.879
"Returning","2025-01-01","2025-01-16",80,80,36990.18,"2024-01-01","2024-01-16",56,57,11689.29,42.857142857142854,40.35087719298246,216.445
"New","2025-01-01","2025-01-16",106,106,71583.52,"2024-01-01","2024-01-16",123,123,71585.29,-13.821138211382113,-13.821138211382113,-0.002
"Returning","2025-01-01","2025-01-15",85,86,17685.78,"2024-01-01","2024-01-15",48,49,19357.23,77.08333333333333,75.51020408163265,-8.634
"Returning","2025-01-01","2025-01-14",50,51,18359.18,"2024-01-01","2024-01-14",61,63,25794.71,-18.0327868852459,-19.047619047619047,-28.825
"Returning","2025-01-01","2025-01-13",64,66,14886.19,"2024-01-01","2024-01-13",56,56,21960.47,14.285714285714286,17.857142857142858,-32.213
"New","2025-01-01","2025-01-10",114,114,54550.2,"2024-01-01","2024-01-10",119,119,75729.17,-4.201680672268908,-4.201680672268908,-27.966
"Returning","2025-01-01","2025-01-18",73,74,23354.36,"2024-01-01","2024-01-18",64,64,-15,14.0625,15.625,155795.733
"New","2025-01-01","2025-01-09",113,113,48979.95,"2024-01-01","2024-01-09",136,136,74023.47,-16.91176470588235,-16.91176470588235,-33.831
"New","2025-01-01","2025-01-11",107,107,77915.83,"2024-01-01","2024-01-11",113,113,63133.64,-5.3097345132743365,-5.3097345132743365,23.414
"New","2025-01-01","2025-01-12",121,121,80504.13,"2024-01-01","2024-01-12",95,95,17319.19,27.36842105263158,27.36842105263158,364.826
"Returning","2025-01-01","2025-01-21",79,79,24159.74,"2024-01-01","2024-01-21",48,49,18861.34,64.58333333333333,61.224489795918366,28.091
"Returning","2025-01-01","2025-01-24",87,88,24226.67,"2024-01-01","2024-01-24",62,62,12737.56,40.32258064516129,41.935483870967744,90.198
"Returning","2025-01-01","2025-01-23",77,77,11938.26,"2024-01-01","2024-01-23",63,64,15605.14,22.22222222222222,20.3125,-23.497
"Returning","2025-01-01","2025-01-11",63,63,14819.05,"2024-01-01","2024-01-11",56,57,18806.64,12.5,10.526315789473685,-21.203
"Returning","2025-01-01","2025-01-12",76,77,25735.48,"2024-01-01","2024-01-12",68,68,5184.77,11.764705882352942,13.235294117647058,396.366
"Returning","2025-01-01","2025-01-09",67,70,29984.98,"2024-01-01","2024-01-09",82,85,21013.93,-18.29268292682927,-17.647058823529413,42.69
"New","2025-01-01","2025-01-27",109,109,69862.14,"2024-01-01","2024-01-27",109,109,68938.19,0,0,1.34
"New","2025-01-01","2025-01-28",121,121,54009.58,"2024-01-01","2024-01-28",100,100,73805.34,21,21,-26.821
"New","2025-01-01","2025-01-26",118,118,84773.81,"2024-01-01","2024-01-26",112,112,40427.41,5.357142857142857,5.357142857142857,109.693
"New","2025-01-01","2025-01-25",128,128,50643.97,"2024-01-01","2024-01-25",127,127,62848.34,0.7874015748031497,0.7874015748031497,-19.418
"Returning","2025-01-01","2025-01-10",72,72,13282.79,"2024-01-01","2024-01-10",61,61,21277.54,18.0327868852459,18.0327868852459,-37.573
"Returning","2025-01-01","2025-01-01",150,154,75999.08,"2024-01-01","2024-01-01",102,104,41894.2,47.05882352941177,48.07692307692308,81.407
"New","2025-01-01","2025-01-07",153,153,97648.08,"2024-01-01","2024-01-07",126,126,97367.78,21.428571428571427,21.428571428571427,0.287
"New","2025-01-01","2025-01-08",124,124,49554.71,"2024-01-01","2024-01-08",115,115,83902.12,7.826086956521739,7.826086956521739,-40.937
"New","2025-01-01","2025-01-06",160,160,101434.56,"2024-01-01","2024-01-06",132,132,84159.23,21.21212121212121,21.21212121212121,20.526
"Returning","2025-01-01","2025-01-02",143,146,43381.65,"2024-01-01","2024-01-02",71,79,25123.36,101.40845070422536,84.81012658227849,72.674
"New","2025-01-01","2025-01-05",144,144,101958.82,"2024-01-01","2024-01-05",143,143,63035.11,0.6993006993006993,0.6993006993006993,61.749
"Returning","2025-01-01","2025-01-03",103,105,27973.05,"2024-01-01","2024-01-03",77,78,21201.97,33.76623376623377,34.61538461538461,31.936
"Returning","2025-01-01","2025-01-04",69,70,17563.4,"2024-01-01","2024-01-04",64,64,13818.39,7.8125,9.375,27.101
"Returning","2025-01-01","2025-01-31",84,85,20327.11,"2024-01-01","2024-01-31",62,64,20547.85,35.483870967741936,32.8125,-1.074
"Returning","2025-01-01","2025-01-30",85,85,18225.03,"2024-01-01","2024-01-30",59,59,10212.23,44.067796610169495,44.067796610169495,78.462
"New","2025-01-01","2025-01-22",116,116,59473.98,"2024-01-01","2024-01-22",99,99,67143.68,17.171717171717173,17.171717171717173,-11.422
"New","2025-01-01","2025-01-21",115,115,85207.05,"2024-01-01","2024-01-21",165,165,111340.3,-30.303030303030305,-30.303030303030305,-23.471
"Returning","2025-01-01","2025-01-29",81,81,12342.97,"2024-01-01","2024-01-29",67,70,18566.79,20.895522388059703,15.714285714285714,-33.521
"New","2025-01-01","2025-01-23",157,157,75859.25,"2024-01-01","2024-01-23",116,116,52881.92,35.3448275862069,35.3448275862069,43.45
"New","2025-01-01","2025-01-24",136,136,79548.94,"2024-01-01","2024-01-24",112,112,66321.54,21.428571428571427,21.428571428571427,19.944
"Returning","2025-01-01","2025-01-06",86,87,34003.79,"2024-01-01","2024-01-06",44,45,11843.07,95.45454545454545,93.33333333333333,187.119
"Returning","2025-01-01","2025-01-26",53,54,18786.73,"2024-01-01","2024-01-26",56,57,7975.28,-5.357142857142857,-5.2631578947368425,135.562
"Returning","2025-01-01","2025-01-08",75,76,10189.49,"2024-01-01","2024-01-08",63,63,20160.64,19.047619047619047,20.634920634920636,-49.458
"New","2025-01-01","2025-01-18",101,101,23728.6,"2024-01-01","2024-01-18",118,118,39737.33,-14.40677966101695,-14.40677966101695,-40.286
"Returning","2025-01-01","2025-01-07",96,98,24254.85,"2024-01-01","2024-01-07",60,60,16429.69,60,63.333333333333336,47.628
"New","2025-01-01","2025-01-17",122,122,66038.12,"2024-01-01","2024-01-17",120,120,97338.73,1.6666666666666667,1.6666666666666667,-32.156
"New","2025-01-01","2025-01-19",142,142,80128.27,"2024-01-01","2024-01-19",167,167,53834.19,-14.970059880239521,-14.970059880239521,48.842
"New","2025-01-01","2025-01-20",137,137,99583.18,"2024-01-01","2024-01-20",118,118,94238.18,16.10169491525424,16.10169491525424,5.671
"Returning","2025-01-01","2025-01-27",74,74,19680.88,"2024-01-01","2024-01-27",41,41,18568.45,80.48780487804878,80.48780487804878,5.99
"New","2025-01-01","2025-01-03",203,203,143477,"2024-01-01","2024-01-03",166,166,121694.59,22.289156626506024,22.289156626506024,17.899
"Returning","2025-01-01","2025-01-28",89,92,22334.94,"2024-01-01","2024-01-28",49,50,20859.94,81.63265306122449,84,7.07
"New","2025-01-01","2025-01-04",139,139,86852.2,"2024-01-01","2024-01-04",151,151,73097.02,-7.947019867549669,-7.947019867549669,18.817
"New","2025-01-01","2025-01-02",274,274,121299.29,"2024-01-01","2024-01-02",198,198,118357.78,38.38383838383838,38.38383838383838,2.485
"New","2025-01-01","2025-01-01",421,421,300030.52,"2024-01-01","2024-01-01",297,297,240616.45,41.75084175084175,41.75084175084175,24.692
"Returning","2025-01-01","2025-01-25",92,93,19681.46,"2024-01-01","2024-01-25",63,63,20771.21,46.03174603174603,47.61904761904762,-5.246
"Returning","2025-01-01","2025-01-22",91,92,16406.48,"2024-01-01","2024-01-22",54,58,15406.19,68.51851851851852,58.62068965517241,6.492
"Returning","2025-02-01","2025-02-13",62,63,11067.62,"2024-02-01","2024-02-13",56,57,19917.35,10.714285714285714,10.526315789473685,-44.432
"Returning","2025-02-01","2025-02-09",48,49,24455.72,"2024-02-01","2024-02-09",71,73,28620.92,-32.394366197183096,-32.87671232876713,-14.552
"New","2025-02-01","2025-02-01",96,96,60009.12,"2024-02-01","2024-02-01",127,127,68553.8,-24.409448818897637,-24.409448818897637,-12.464
"Returning","2025-02-01","2025-02-11",48,48,15396.45,"2024-02-01","2024-02-11",46,46,11122.4,4.3478260869565215,4.3478260869565215,38.427
"New","2025-02-01","2025-02-28",89,89,57469.91,"2024-02-01","2024-02-28",121,121,68802.76,-26.446280991735538,-26.446280991735538,-16.471
"New","2025-02-01","2025-02-26",87,87,62618.16,"2024-02-01","2024-02-26",130,130,86843.91,-33.07692307692308,-33.07692307692308,-27.895
"New","2025-02-01","2025-02-27",76,76,56258.95,"2024-02-01","2024-02-27",205,205,74551.66,-62.926829268292686,-62.926829268292686,-24.536
"Returning","2025-02-01","2025-02-10",80,82,17955.57,"2024-02-01","2024-02-10",55,57,18367.88,45.45454545454545,43.85964912280702,-2.244
"Returning","2025-02-01","2025-02-22",51,52,16464.9,"2024-02-01","2024-02-22",55,55,10387.51,-7.2727272727272725,-5.454545454545454,58.506
"New","2025-02-01","2025-02-10",92,92,57347.71,"2024-02-01","2024-02-10",119,119,62475.2,-22.689075630252102,-22.689075630252102,-8.207
"New","2025-02-01","2025-02-11",132,132,90296.82,"2024-02-01","2024-02-11",99,99,61415.42,33.333333333333336,33.333333333333336,47.026
"Returning","2025-02-01","2025-02-23",37,37,11427.94,"2024-02-01","2024-02-23",104,106,16596.18,-64.42307692307692,-65.09433962264151,-31.141
"New","2025-02-01","2025-02-13",108,108,67894.5,"2024-02-01","2024-02-13",113,113,72287.51,-4.424778761061947,-4.424778761061947,-6.077
"New","2025-02-01","2025-02-12",114,114,63479.96,"2024-02-01","2024-02-12",109,109,78179.01,4.587155963302752,4.587155963302752,-18.801
"Returning","2025-02-01","2025-02-12",66,71,25925.89,"2024-02-01","2024-02-12",57,57,17557.83,15.789473684210526,24.56140350877193,47.659
"Returning","2025-02-01","2025-02-25",57,57,7555.29,"2024-02-01","2024-02-25",47,48,14960.92,21.27659574468085,18.75,-49.499
"Returning","2025-02-01","2025-02-16",38,39,23495.8,"2024-02-01","2024-02-16",67,67,20317.91,-43.28358208955224,-41.791044776119406,15.64
"New","2025-02-01","2025-02-14",89,89,32033.92,"2024-02-01","2024-02-14",111,111,70326.18,-19.81981981981982,-19.81981981981982,-54.449
"Returning","2025-02-01","2025-02-17",56,56,17889.02,"2024-02-01","2024-02-17",79,80,25431.04,-29.11392405063291,-30,-29.656
"New","2025-02-01","2025-02-15",90,90,36844.62,"2024-02-01","2024-02-15",109,109,43128.28,-17.431192660550458,-17.431192660550458,-14.569
"New","2025-02-01","2025-02-17",124,124,95825.26,"2024-02-01","2024-02-17",160,160,114687.75,-22.5,-22.5,-16.446
"New","2025-02-01","2025-02-16",118,118,76053.95,"2024-02-01","2024-02-16",154,154,101637.81,-23.376623376623378,-23.376623376623378,-25.171
"Returning","2025-02-01","2025-02-14",51,53,13410.49,"2024-02-01","2024-02-14",68,68,18477.08,-25,-22.058823529411764,-27.42
"Returning","2025-02-01","2025-02-15",66,68,11475.67,"2024-02-01","2024-02-15",69,69,12691.85,-4.3478260869565215,-1.4492753623188406,-9.582
"Returning","2025-02-01","2025-02-19",63,64,8088.58,"2024-02-01","2024-02-19",76,79,34414.29,-17.105263157894736,-18.9873417721519,-76.496
"Returning","2025-02-01","2025-02-18",66,71,17693.5,"2024-02-01","2024-02-18",61,61,23291.46,8.19672131147541,16.39344262295082,-24.034
"Returning","2025-02-01","2025-02-21",80,81,22456.48,"2024-02-01","2024-02-21",55,55,16217.89,45.45454545454545,47.27272727272727,38.467
"Returning","2025-02-01","2025-02-20",37,38,9615.35,"2024-02-01","2024-02-20",61,61,863.78,-39.34426229508197,-37.704918032786885,1013.171
"New","2025-02-01","2025-02-05",85,85,38638.17,"2024-02-01","2024-02-05",128,128,88059.01,-33.59375,-33.59375,-56.122
"New","2025-02-01","2025-02-04",110,110,66625.46,"2024-02-01","2024-02-04",115,115,78164.45,-4.3478260869565215,-4.3478260869565215,-14.762
"New","2025-02-01","2025-02-02",124,124,77637.06,"2024-02-01","2024-02-02",119,119,56775.71,4.201680672268908,4.201680672268908,36.743
"New","2025-02-01","2025-02-03",110,110,61610.29,"2024-02-01","2024-02-03",100,100,68269.73,10,10,-9.754
"Returning","2025-02-01","2025-02-28",56,57,11611.91,"2024-02-01","2024-02-28",49,52,18975.3,14.285714285714286,9.615384615384615,-38.805
"Returning","2025-02-01","2025-02-27",61,61,14102.22,"2024-02-01","2024-02-27",82,82,14815.77,-25.609756097560975,-25.609756097560975,-4.816
"Returning","2025-02-01","2025-02-26",68,68,12641.5,"2024-02-01","2024-02-26",43,43,13312,58.13953488372093,58.13953488372093,-5.036
"Returning","2025-02-01","2025-02-06",80,82,20741.65,"2024-02-01","2024-02-06",60,60,19189.59,33.333333333333336,36.666666666666664,8.088
"Returning","2025-02-01","2025-02-01",70,71,27326.82,"2024-02-01","2024-02-01",79,80,16177.94,-11.39240506329114,-11.25,68.914
"Returning","2025-02-01","2025-02-07",51,52,16843.69,"2024-02-01","2024-02-07",43,44,7720.04,18.6046511627907,18.181818181818183,118.181
"New","2025-02-01","2025-02-18",93,93,50529.55,"2024-02-01","2024-02-18",165,165,105449.94,-43.63636363636363,-43.63636363636363,-52.081
"New","2025-02-01","2025-02-19",91,91,35545.1,"2024-02-01","2024-02-19",224,224,158868.83,-59.375,-59.375,-77.626
"New","2025-02-01","2025-02-21",97,97,43220.17,"2024-02-01","2024-02-21",103,103,70774.57,-5.825242718446602,-5.825242718446602,-38.932
"Returning","2025-02-01","2025-02-08",78,80,17860.44,"2024-02-01","2024-02-08",79,80,17417.11,-1.2658227848101267,0,2.545
"New","2025-02-01","2025-02-20",103,103,64159.86,"2024-02-01","2024-02-20",105,105,58757.03,-1.9047619047619047,-1.9047619047619047,9.195
"Returning","2025-02-01","2025-02-04",56,57,20232.5,"2024-02-01","2024-02-04",45,46,14642.95,24.444444444444443,23.91304347826087,38.172
"New","2025-02-01","2025-02-22",89,89,65106.06,"2024-02-01","2024-02-22",94,94,56652.24,-5.319148936170213,-5.319148936170213,14.922
"New","2025-02-01","2025-02-23",85,85,53094.45,"2024-02-01","2024-02-23",124,124,56019.68,-31.451612903225808,-31.451612903225808,-5.221
"New","2025-02-01","2025-02-25",92,92,33708.94,"2024-02-01","2024-02-25",91,91,57208.26,1.098901098901099,1.098901098901099,-41.076
"New","2025-02-01","2025-02-24",101,101,62839.72,"2024-02-01","2024-02-24",97,97,46188.46,4.123711340206185,4.123711340206185,36.05
"Returning","2025-02-01","2025-02-03",67,72,16902.49,"2024-02-01","2024-02-03",30,30,7121.85,123.33333333333333,140,137.332
"New","2025-02-01","2025-02-09",128,128,77757.71,"2024-02-01","2024-02-09",115,115,81638.55,11.304347826086957,11.304347826086957,-4.753
"New","2025-02-01","2025-02-08",100,100,52280.06,"2024-02-01","2024-02-08",124,124,29224.8,-19.35483870967742,-19.35483870967742,78.889
"New","2025-02-01","2025-02-06",122,122,63351.42,"2024-02-01","2024-02-06",112,112,75113.42,8.928571428571429,8.928571428571429,-15.658
"New","2025-02-01","2025-02-07",82,82,26382.38,"2024-02-01","2024-02-07",101,101,69348.93,-18.81188118811881,-18.81188118811881,-61.957
"Returning","2025-02-01","2025-02-02",72,73,18853.54,"2024-02-01","2024-02-02",68,71,11522.57,5.882352941176471,2.816901408450704,63.622
"Returning","2025-02-01","2025-02-05",72,74,18827.92,"2024-02-01","2024-02-05",68,69,10090.2,5.882352941176471,7.246376811594203,86.596
"Returning","2025-02-01","2025-02-24",60,62,22293.36,"2024-02-01","2024-02-24",51,52,11553.69,17.647058823529413,19.23076923076923,92.954
"New","2025-03-01","2025-03-01",70,70,43898.87,"2024-02-01","2024-02-29",118,118,57355.17,-40.67796610169491,-40.67796610169491,-23.461
"Returning","2025-03-01","2025-03-01",44,52,9591.64,"2024-02-01","2024-02-29",61,61,18954.17,-27.868852459016395,-14.754098360655737,-49.395
"New","2025-03-01","2025-03-26",68,68,40404.84,"2024-03-01","2024-03-25",69,69,65464.35,-1.4492753623188406,-1.4492753623188406,-38.279
"New","2025-03-01","2025-03-30",78,78,47386.1,"2024-03-01","2024-03-29",79,79,54138.77,-1.2658227848101267,-1.2658227848101267,-12.472
"New","2025-03-01","2025-03-28",85,85,36654.62,"2024-03-01","2024-03-27",85,85,55400.21,0,0,-33.836
"Returning","2025-03-01","2025-03-13",60,61,10321.91,"2024-03-01","2024-03-12",52,52,9928.47,15.384615384615385,17.307692307692307,3.962
"Returning","2025-03-01","2025-03-10",59,59,21494.97,"2024-03-01","2024-03-09",40,41,14459.46,47.5,43.90243902439025,48.656
"New","2025-03-01","2025-03-29",74,74,47789.34,"2024-03-01","2024-03-28",80,80,62569.45,-7.5,-7.5,-23.621
"Returning","2025-03-01","2025-03-11",49,50,12201.12,"2024-03-01","2024-03-10",44,44,14410.3,11.363636363636363,13.636363636363637,-15.33
"Returning","2025-03-01","2025-03-31",49,51,11946.65,"2024-03-01","2024-03-30",62,66,14395.85,-20.967741935483872,-22.727272727272727,-17.013
"Returning","2025-03-01","2025-03-30",35,36,13638.84,"2024-03-01","2024-03-29",53,53,17502.19,-33.9622641509434,-32.075471698113205,-22.073
"New","2025-03-01","2025-03-13",59,59,26816.84,"2024-03-01","2024-03-12",85,85,57785.26,-30.58823529411765,-30.58823529411765,-53.592
"New","2025-03-01","2025-03-12",71,71,51353.88,"2024-03-01","2024-03-11",81,81,58931.98,-12.345679012345679,-12.345679012345679,-12.859
"New","2025-03-01","2025-03-10",75,75,41317.64,"2024-03-01","2024-03-09",89,89,47823.04,-15.730337078651685,-15.730337078651685,-13.603
"New","2025-03-01","2025-03-11",65,65,43540.98,"2024-03-01","2024-03-10",90,90,63775.4,-27.77777777777778,-27.77777777777778,-31.727
"Returning","2025-03-01","2025-03-09",48,50,24855.65,"2024-03-01","2024-03-08",93,94,16787.2,-48.38709677419355,-46.808510638297875,48.063
"Returning","2025-03-01","2025-03-08",53,53,15189.5,"2024-03-01","2024-03-07",38,39,8762.55,39.473684210526315,35.8974358974359,73.345
"Returning","2025-03-01","2025-03-12",60,91,18952.54,"2024-03-01","2024-03-11",36,38,13692.91,66.66666666666667,139.47368421052633,38.411
"Returning","2025-03-01","2025-03-07",73,142,14130.58,"2024-03-01","2024-03-06",55,55,12510.76,32.72727272727273,158.1818181818182,12.947
"New","2025-03-01","2025-03-08",84,84,61523.46,"2024-03-01","2024-03-07",73,73,41634.73,15.068493150684931,15.068493150684931,47.769
"New","2025-03-01","2025-03-06",71,71,70712.29,"2024-03-01","2024-03-05",119,119,55715.16,-40.33613445378151,-40.33613445378151,26.917
"New","2025-03-01","2025-03-07",99,99,61499.51,"2024-03-01","2024-03-06",105,105,56221.38,-5.714285714285714,-5.714285714285714,9.388
"Returning","2025-03-01","2025-03-06",52,52,13021.15,"2024-03-01","2024-03-05",41,42,16675.53,26.829268292682926,23.80952380952381,-21.914
"New","2025-03-01","2025-03-22",159,159,85294.21,"2024-03-01","2024-03-21",102,102,57169.99,55.88235294117647,55.88235294117647,49.194
"New","2025-03-01","2025-03-23",250,250,145513.73,"2024-03-01","2024-03-22",77,77,30648.86,224.67532467532467,224.67532467532467,374.776
"New","2025-03-01","2025-03-25",83,83,41831.03,"2024-03-01","2024-03-24",71,71,55914.41,16.901408450704224,16.901408450704224,-25.187
"New","2025-03-01","2025-03-24",105,105,56693.78,"2024-03-01","2024-03-23",90,90,62198.03,16.666666666666668,16.666666666666668,-8.849
"New","2025-03-01","2025-03-05",76,76,49839.28,"2024-03-01","2024-03-04",96,96,65160.29,-20.833333333333332,-20.833333333333332,-23.512
"New","2025-03-01","2025-03-04",100,100,62345.07,"2024-03-01","2024-03-03",113,113,83274.74,-11.504424778761061,-11.504424778761061,-25.133
"New","2025-03-01","2025-03-02",84,84,42663.04,"2024-03-01","2024-03-01",108,108,64273.81,-22.22222222222222,-22.22222222222222,-33.622
"New","2025-03-01","2025-03-03",90,90,52907.19,"2024-03-01","2024-03-02",100,100,79709.69,-10,-10,-33.625
"Returning","2025-03-01","2025-03-28",63,64,8703.38,"2024-03-01","2024-03-27",42,43,11491.23,50,48.83720930232558,-24.26
"New","2025-03-01","2025-03-27",111,111,74446.45,"2024-03-01","2024-03-26",80,80,55472.34,38.75,38.75,34.204
"Returning","2025-03-01","2025-03-29",37,37,8597.85,"2024-03-01","2024-03-28",42,43,12539.54,-11.904761904761905,-13.953488372093023,-31.434
"Returning","2025-03-01","2025-03-26",43,43,15089.76,"2024-03-01","2024-03-25",40,40,10141.88,7.5,7.5,48.786
"New","2025-03-01","2025-03-18",73,73,35181.48,"2024-03-01","2024-03-17",207,207,132643.23,-64.73429951690821,-64.73429951690821,-73.476
"New","2025-03-01","2025-03-19",82,82,55396.42,"2024-03-01","2024-03-18",129,129,81720.96,-36.434108527131784,-36.434108527131784,-32.212
"New","2025-03-01","2025-03-21",106,106,58224.43,"2024-03-01","2024-03-20",87,87,67785.13,21.839080459770116,21.839080459770116,-14.104
"Returning","2025-03-01","2025-03-27",57,57,12557.88,"2024-03-01","2024-03-26",39,41,9315.63,46.15384615384615,39.02439024390244,34.804
"New","2025-03-01","2025-03-20",79,79,52812.99,"2024-03-01","2024-03-19",110,110,72703.25,-28.181818181818183,-28.181818181818183,-27.358
"Returning","2025-03-01","2025-03-15",36,36,15403.85,"2024-03-01","2024-03-14",65,66,16148.87,-44.61538461538461,-45.45454545454545,-4.613
"Returning","2025-03-01","2025-03-14",57,59,16631.3,"2024-03-01","2024-03-13",46,46,8045.54,23.91304347826087,28.26086956521739,106.714
"Returning","2025-03-01","2025-03-17",52,53,17670.76,"2024-03-01","2024-03-16",37,37,12405.58,40.54054054054054,43.24324324324324,42.442
"Returning","2025-03-01","2025-03-16",38,39,11344.83,"2024-03-01","2024-03-15",73,74,19280.06,-47.945205479452056,-47.2972972972973,-41.157
"Returning","2025-03-01","2025-03-25",69,71,9036.78,"2024-03-01","2024-03-24",42,43,27208.68,64.28571428571429,65.11627906976744,-66.787
"Returning","2025-03-01","2025-03-04",74,74,12237.05,"2024-03-01","2024-03-03",32,32,8842.84,131.25,131.25,38.383
"Returning","2025-03-01","2025-03-24",81,81,30291.03,"2024-03-01","2024-03-23",39,39,23218.84,107.6923076923077,107.6923076923077,30.458
"Returning","2025-03-01","2025-03-05",67,70,20823.69,"2024-03-01","2024-03-04",40,41,11244.33,67.5,70.73170731707317,85.192
"New","2025-03-01","2025-03-16",105,105,75965.75,"2024-03-01","2024-03-15",126,126,57316.39,-16.666666666666668,-16.666666666666668,32.537
"New","2025-03-01","2025-03-31",73,73,43170.15,"2024-03-01","2024-03-30",68,68,40503.44,7.352941176470588,7.352941176470588,6.583
"Returning","2025-03-01","2025-03-23",171,174,75133.48,"2024-03-01","2024-03-22",57,57,9420.49,200,205.26315789473685,697.553
"Returning","2025-03-01","2025-03-02",43,43,19771.86,"2024-03-01","2024-03-01",61,61,12993.04,-29.508196721311474,-29.508196721311474,52.172
"Returning","2025-03-01","2025-03-22",105,106,36039.79,"2024-03-01","2024-03-21",52,54,13408.45,101.92307692307692,96.29629629629629,168.784
"Returning","2025-03-01","2025-03-03",52,52,18389.42,"2024-03-01","2024-03-02",26,26,5832.53,100,100,215.29
"Returning","2025-03-01","2025-03-18",48,49,15224.33,"2024-03-01","2024-03-17",107,111,37440.31,-55.14018691588785,-55.85585585585586,-59.337
"Returning","2025-03-01","2025-03-19",43,46,9463.22,"2024-03-01","2024-03-18",77,79,21623.47,-44.15584415584416,-41.77215189873418,-56.236
"Returning","2025-03-01","2025-03-20",55,55,11358.61,"2024-03-01","2024-03-19",48,48,15268.14,14.583333333333334,14.583333333333334,-25.605
"New","2025-03-01","2025-03-14",100,100,65461.06,"2024-03-01","2024-03-13",97,97,61115.75,3.0927835051546393,3.0927835051546393,7.109
"New","2025-03-01","2025-03-15",75,75,46365.01,"2024-03-01","2024-03-14",92,92,62891.52,-18.47826086956522,-18.47826086956522,-26.277
"Returning","2025-03-01","2025-03-21",85,89,25211.32,"2024-03-01","2024-03-20",42,42,8569.3,102.38095238095238,111.9047619047619,194.205
"New","2025-03-01","2025-03-17",79,79,52715.38,"2024-03-01","2024-03-16",104,104,63389.63,-24.03846153846154,-24.03846153846154,-16.839
"New","2025-03-01","2025-03-09",91,91,67314.77,"2024-03-01","2024-03-08",104,104,51965.53,-12.5,-12.5,29.537
"Returning","2025-04-01","2025-04-01",47,48,14008.45,"2024-03-01","2024-03-31",25,27,13444.31,88,77.77777777777777,4.196
"New","2025-04-01","2025-04-01",65,65,36884.36,"2024-03-01","2024-03-31",80,80,65171.7,-18.75,-18.75,-43.404
"New","2025-04-01","2025-04-24",105,105,51673.84,"2024-04-01","2024-04-23",78,78,43039.46,34.61538461538461,34.61538461538461,20.061
"Returning","2025-04-01","2025-04-15",41,41,12502.17,"2024-04-01","2024-04-14",39,40,14096.89,5.128205128205129,2.5,-11.312
"Returning","2025-04-01","2025-04-09",40,42,12624.25,"2024-04-01","2024-04-08",45,46,15083.89,-11.11111111111111,-8.695652173913043,-16.306
"Returning","2025-04-01","2025-04-10",39,39,14750.48,"2024-04-01","2024-04-09",46,46,10664.6,-15.217391304347826,-15.217391304347826,38.312
"Returning","2025-04-01","2025-04-02",60,61,12460.85,"2024-04-01","2024-04-01",29,30,15487.68,106.89655172413794,103.33333333333333,-19.543
"Returning","2025-04-01","2025-04-07",47,47,15270.93,"2024-04-01","2024-04-06",47,47,17414.27,0,0,-12.307
"New","2025-04-01","2025-04-09",69,69,42261.07,"2024-04-01","2024-04-08",92,92,69475.09,-25,-25,-39.17
"New","2025-04-01","2025-04-10",79,79,40653.3,"2024-04-01","2024-04-09",82,82,55155.32,-3.658536585365854,-3.658536585365854,-26.293
"New","2025-04-01","2025-04-08",81,81,37960.41,"2024-04-01","2024-04-07",84,84,50762.76,-3.5714285714285716,-3.5714285714285716,-25.219
"New","2025-04-01","2025-04-07",63,63,35901.05,"2024-04-01","2024-04-06",79,79,56155.9,-20.253164556962027,-20.253164556962027,-36.068
"New","2025-04-01","2025-04-25",80,80,52413.09,"2024-04-01","2024-04-24",113,113,74141.11,-29.20353982300885,-29.20353982300885,-29.306
"Returning","2025-04-01","2025-04-08",49,49,6646.35,"2024-04-01","2024-04-07",53,53,7073.58,-7.547169811320755,-7.547169811320755,-6.039
"New","2025-04-01","2025-04-13",78,78,50437.61,"2024-04-01","2024-04-12",85,85,44417.31,-8.235294117647058,-8.235294117647058,13.553
"New","2025-04-01","2025-04-14",71,71,37131.17,"2024-04-01","2024-04-13",79,79,60709.57,-10.126582278481013,-10.126582278481013,-38.838
"New","2025-04-01","2025-04-12",78,78,45224.49,"2024-04-01","2024-04-11",88,88,48792.62,-11.363636363636363,-11.363636363636363,-7.312
"New","2025-04-01","2025-04-26",72,72,42827.85,"2024-04-01","2024-04-25",117,117,59985.75,-38.46153846153846,-38.46153846153846,-28.603
"Returning","2025-04-01","2025-04-14",45,47,11063.77,"2024-04-01","2024-04-13",60,60,19385.13,-25,-21.666666666666668,-42.926
"Returning","2025-04-01","2025-04-03",42,42,12837.26,"2024-04-01","2024-04-02",60,60,20425.68,-30,-30,-37.151
"New","2025-04-01","2025-04-28",147,147,88670.51,"2024-04-01","2024-04-27",109,109,69272.43,34.862385321100916,34.862385321100916,28.002
"Returning","2025-04-01","2025-04-13",33,34,14602.29,"2024-04-01","2024-04-12",80,84,17201.1,-58.75,-59.523809523809526,-15.108
"New","2025-04-01","2025-04-27",180,180,107092.84,"2024-04-01","2024-04-26",131,131,56256.08,37.404580152671755,37.404580152671755,90.366
"Returning","2025-04-01","2025-04-04",59,60,11776.01,"2024-04-01","2024-04-03",45,46,12820,31.11111111111111,30.434782608695652,-8.143
"New","2025-04-01","2025-04-29",149,149,82244.24,"2024-04-01","2024-04-28",290,290,88811.31,-48.62068965517241,-48.62068965517241,-7.394
"New","2025-04-01","2025-04-30",112,112,66245.23,"2024-04-01","2024-04-29",150,150,83014.42,-25.333333333333332,-25.333333333333332,-20.2
"Returning","2025-04-01","2025-04-05",44,45,18249.41,"2024-04-01","2024-04-04",33,33,7614.09,33.333333333333336,36.36363636363637,139.679
"Returning","2025-04-01","2025-04-12",48,48,14933.95,"2024-04-01","2024-04-11",78,79,20634.04,-38.46153846153846,-39.24050632911393,-27.624
"Returning","2025-04-01","2025-04-06",34,34,9849.39,"2024-04-01","2024-04-05",63,63,14612.16,-46.03174603174603,-46.03174603174603,-32.594
"Returning","2025-04-01","2025-04-11",33,34,14688.47,"2024-04-01","2024-04-10",43,46,7608.28,-23.25581395348837,-26.08695652173913,93.059
"Returning","2025-04-01","2025-04-20",30,31,13166.28,"2024-04-01","2024-04-19",121,121,20583.89,-75.20661157024793,-74.3801652892562,-36.035
"Returning","2025-04-01","2025-04-19",33,33,7910.78,"2024-04-01","2024-04-18",70,71,10522.48,-52.857142857142854,-53.521126760563384,-24.82
"New","2025-04-01","2025-04-16",71,71,41402.61,"2024-04-01","2024-04-15",78,78,39364.5,-8.974358974358974,-8.974358974358974,5.177
"New","2025-04-01","2025-04-15",71,71,27504.97,"2024-04-01","2024-04-14",72,72,54314.1,-1.3888888888888888,-1.3888888888888888,-49.359
"New","2025-04-01","2025-04-17",66,66,44290.57,"2024-04-01","2024-04-16",74,74,51932.5,-10.81081081081081,-10.81081081081081,-14.715
"Returning","2025-04-01","2025-04-22",49,50,8383.06,"2024-04-01","2024-04-21",55,55,11759.47,-10.909090909090908,-9.090909090909092,-28.712
"New","2025-04-01","2025-04-18",72,72,42769.48,"2024-04-01","2024-04-17",82,82,60142.61,-12.195121951219512,-12.195121951219512,-28.886
"Returning","2025-04-01","2025-04-21",27,27,13676.86,"2024-04-01","2024-04-20",51,51,21812.59,-47.05882352941177,-47.05882352941177,-37.298
"Returning","2025-04-01","2025-04-25",43,44,16704.64,"2024-04-01","2024-04-24",66,67,18510.5,-34.84848484848485,-34.32835820895522,-9.755
"New","2025-04-01","2025-04-06",74,74,53067.66,"2024-04-01","2024-04-05",98,98,67688.78,-24.489795918367346,-24.489795918367346,-21.6
"New","2025-04-01","2025-04-05",65,65,38515.17,"2024-04-01","2024-04-04",87,87,69313.13,-25.28735632183908,-25.28735632183908,-44.433
"New","2025-04-01","2025-04-03",89,89,63020.69,"2024-04-01","2024-04-02",78,78,37215.22,14.102564102564102,14.102564102564102,69.341
"New","2025-04-01","2025-04-04",85,85,47561.87,"2024-04-01","2024-04-03",89,89,70916.24,-4.49438202247191,-4.49438202247191,-32.932
"Returning","2025-04-01","2025-04-26",36,36,6100.14,"2024-04-01","2024-04-25",66,66,19436.28,-45.45454545454545,-45.45454545454545,-68.614
"Returning","2025-04-01","2025-04-23",48,48,10151.43,"2024-04-01","2024-04-22",40,40,11167.42,20,20,-9.097
"Returning","2025-04-01","2025-04-24",38,39,12347.08,"2024-04-01","2024-04-23",61,62,13720.22,-37.704918032786885,-37.096774193548384,-10.008
"Returning","2025-04-01","2025-04-27",90,93,29877.07,"2024-04-01","2024-04-26",65,66,16406.05,38.46153846153846,40.90909090909091,82.11
"New","2025-04-01","2025-04-02",79,79,48341.96,"2024-04-01","2024-04-01",80,80,64429.29,-1.25,-1.25,-24.968
"Returning","2025-04-01","2025-04-16",39,39,13887.69,"2024-04-01","2024-04-15",47,47,15378.36,-17.02127659574468,-17.02127659574468,-9.693
"New","2025-04-01","2025-04-23",85,85,41953.48,"2024-04-01","2024-04-22",119,119,87351.27,-28.571428571428573,-28.571428571428573,-51.971
"Returning","2025-04-01","2025-04-17",29,29,5495.23,"2024-04-01","2024-04-16",38,39,7290.96,-23.68421052631579,-25.641025641025642,-24.629
"Returning","2025-04-01","2025-04-18",40,40,12510.71,"2024-04-01","2024-04-17",51,51,16695.52,-21.568627450980394,-21.568627450980394,-25.065
"Returning","2025-04-01","2025-04-30",77,79,30929.09,"2024-04-01","2024-04-29",72,75,18691.57,6.944444444444445,5.333333333333333,65.47
"Returning","2025-04-01","2025-04-29",82,86,26843.52,"2024-04-01","2024-04-28",70,124,15013.92,17.142857142857142,-30.64516129032258,78.79
"New","2025-04-01","2025-04-20",79,79,61247.67,"2024-04-01","2024-04-19",122,122,63936.48,-35.24590163934426,-35.24590163934426,-4.205
"New","2025-04-01","2025-04-19",88,88,57435.78,"2024-04-01","2024-04-18",68,68,27858.31,29.41176470588235,29.41176470588235,106.171
"Returning","2025-04-01","2025-04-28",111,114,32985.64,"2024-04-01","2024-04-27",52,53,13676.12,113.46153846153847,115.09433962264151,141.191
"New","2025-04-01","2025-04-21",68,68,47974.88,"2024-04-01","2024-04-20",95,95,71961.84,-28.42105263157895,-28.42105263157895,-33.332
"New","2025-04-01","2025-04-22",65,65,31505.03,"2024-04-01","2024-04-21",94,94,60664.46,-30.851063829787233,-30.851063829787233,-48.066
"New","2025-04-01","2025-04-11",74,74,53935.8,"2024-04-01","2024-04-10",100,100,79722.6,-26,-26,-32.345
"Returning","2025-05-01","2025-05-01",89,91,32738.4,"2024-04-01","2024-04-30",77,80,18941.05,15.584415584415584,13.75,72.843
"New","2025-05-01","2025-05-01",192,192,107921.46,"2024-04-01","2024-04-30",150,150,98582.74,28,28,9.472
"Returning","2025-05-01","2025-05-06",54,54,17651.97,"2024-05-01","2024-05-05",68,68,25729.95,-20.58823529411765,-20.58823529411765,-31.395
"Returning","2025-05-01","2025-05-18",37,37,13215.7,"2024-05-01","2024-05-17",119,119,15905.13,-68.90756302521008,-68.90756302521008,-16.909
"Returning","2025-05-01","2025-05-12",48,49,17318.89,"2024-05-01","2024-05-11",42,42,15564.13,14.285714285714286,16.666666666666668,11.274
"Returning","2025-05-01","2025-05-11",77,78,32700.34,"2024-05-01","2024-05-10",94,94,24583.48,-18.085106382978722,-17.02127659574468,33.017
"Returning","2025-05-01","2025-05-10",85,85,22685.24,"2024-05-01","2024-05-09",84,86,27658.6,1.1904761904761905,-1.1627906976744187,-17.981
"New","2025-05-01","2025-05-19",71,71,27426.14,"2024-05-01","2024-05-18",78,78,49179.43,-8.974358974358974,-8.974358974358974,-44.232
"New","2025-05-01","2025-05-20",135,135,68731.24,"2024-05-01","2024-05-19",74,74,43608.7,82.43243243243244,82.43243243243244,57.609
"New","2025-05-01","2025-05-18",86,86,49999.95,"2024-05-01","2024-05-17",78,78,30531.32,10.256410256410257,10.256410256410257,63.766
"New","2025-05-01","2025-05-17",100,100,59872.11,"2024-05-01","2024-05-16",84,84,43786.47,19.047619047619047,19.047619047619047,36.736
"Returning","2025-05-01","2025-05-09",70,70,23389.2,"2024-05-01","2024-05-08",71,71,21869.81,-1.408450704225352,-1.408450704225352,6.947
"Returning","2025-05-01","2025-05-08",48,51,15259.77,"2024-05-01","2024-05-07",63,66,20495.05,-23.80952380952381,-22.727272727272727,-25.544
"Returning","2025-05-01","2025-05-02",75,77,24111.83,"2024-05-01","2024-05-01",77,83,17365.38,-2.5974025974025974,-7.228915662650603,38.849
"New","2025-05-01","2025-05-23",213,213,123643.42,"2024-05-01","2024-05-22",68,68,41819.85,213.23529411764707,213.23529411764707,195.657
"Returning","2025-05-01","2025-05-03",57,59,17739.75,"2024-05-01","2024-05-02",88,90,24004.44,-35.22727272727273,-34.44444444444444,-26.098
"New","2025-05-01","2025-05-24",254,254,139835.52,"2024-05-01","2024-05-23",93,93,50440.04,173.11827956989248,173.11827956989248,177.231
"Returning","2025-05-01","2025-05-07",55,55,11342.17,"2024-05-01","2024-05-06",75,76,30243.9,-26.666666666666668,-27.63157894736842,-62.497
"New","2025-05-01","2025-05-21",189,189,104376.69,"2024-05-01","2024-05-20",75,75,47849.34,152,152,118.136
"Returning","2025-05-01","2025-05-04",109,115,43487.62,"2024-05-01","2024-05-03",128,141,23939.47,-14.84375,-18.43971631205674,81.656
"Returning","2025-05-01","2025-05-15",51,51,12375.37,"2024-05-01","2024-05-14",55,56,17994.34,-7.2727272727272725,-8.928571428571429,-31.226
"Returning","2025-05-01","2025-05-16",56,58,16365.64,"2024-05-01","2024-05-15",55,55,11274.73,1.8181818181818181,5.454545454545454,45.153
"Returning","2025-05-01","2025-05-13",45,45,14018.12,"2024-05-01","2024-05-12",45,45,16793.29,0,0,-16.525
"Returning","2025-05-01","2025-05-14",48,48,10456.96,"2024-05-01","2024-05-13",46,46,18257.23,4.3478260869565215,4.3478260869565215,-42.724
"Returning","2025-05-01","2025-05-21",124,126,48449.94,"2024-05-01","2024-05-20",61,61,10994.94,103.27868852459017,106.55737704918033,340.656
"Returning","2025-05-01","2025-05-22",86,87,18457.67,"2024-05-01","2024-05-21",56,57,11685.43,53.57142857142857,52.63157894736842,57.954
"Returning","2025-05-01","2025-05-23",106,108,44603.76,"2024-05-01","2024-05-22",48,48,16929.41,120.83333333333333,125,163.469
"New","2025-05-01","2025-05-10",133,133,73767.26,"2024-05-01","2024-05-09",168,168,80990.2,-20.833333333333332,-20.833333333333332,-8.918
"Returning","2025-05-01","2025-05-24",123,125,50816.68,"2024-05-01","2024-05-23",130,132,26197.06,-5.384615384615385,-5.303030303030303,93.978
"New","2025-05-01","2025-05-09",136,136,77921.27,"2024-05-01","2024-05-08",109,109,72774.25,24.770642201834864,24.770642201834864,7.072
"New","2025-05-01","2025-05-11",164,164,97556.91,"2024-05-01","2024-05-10",94,94,47489.51,74.46808510638297,74.46808510638297,105.428
"New","2025-05-01","2025-05-12",96,96,58844.64,"2024-05-01","2024-05-11",82,82,56348.97,17.073170731707318,17.073170731707318,4.428
"Returning","2025-05-01","2025-05-28",58,59,27156.57,"2024-05-01","2024-05-27",194,200,100122.01,-70.10309278350516,-70.5,-72.876
"New","2025-05-01","2025-05-03",157,157,95394.01,"2024-05-01","2024-05-02",137,137,75219.66,14.598540145985401,14.598540145985401,26.82
"New","2025-05-01","2025-05-04",229,229,126394.96,"2024-05-01","2024-05-03",165,165,61084.44,38.78787878787879,38.78787878787879,106.918
"New","2025-05-01","2025-05-02",186,186,103551.46,"2024-05-01","2024-05-01",126,126,72099.5,47.61904761904762,47.61904761904762,43.622
"Returning","2025-05-01","2025-05-05",83,88,28839.77,"2024-05-01","2024-05-04",58,61,23700.54,43.10344827586207,44.26229508196721,21.684
"Returning","2025-05-01","2025-05-27",172,174,73861.36,"2024-05-01","2024-05-26",155,155,60571.08,10.96774193548387,12.258064516129032,21.941
"New","2025-05-01","2025-05-27",253,253,148916.83,"2024-05-01","2024-05-26",239,239,146205.26,5.857740585774058,5.857740585774058,1.854
"New","2025-05-01","2025-05-28",119,119,70395.64,"2024-05-01","2024-05-27",577,577,321577.62,-79.37608318890814,-79.37608318890814,-78.109
"New","2025-05-01","2025-05-26",439,439,265222.05,"2024-05-01","2024-05-25",241,241,159355.87,82.15767634854772,82.15767634854772,66.433
"New","2025-05-01","2025-05-25",315,315,172141.41,"2024-05-01","2024-05-24",259,259,155843.53,21.62162162162162,21.62162162162162,10.457
"Returning","2025-05-01","2025-05-26",196,202,84942.29,"2024-05-01","2024-05-25",122,122,41771,60.65573770491803,65.57377049180327,103.352
"Returning","2025-05-01","2025-05-25",119,120,50599.63,"2024-05-01","2024-05-24",151,152,62008.26,-21.192052980132452,-21.05263157894737,-18.398
"New","2025-05-01","2025-05-07",112,112,58599.48,"2024-05-01","2024-05-06",92,92,60089.05,21.73913043478261,21.73913043478261,-2.478
"New","2025-05-01","2025-05-08",94,94,54964.81,"2024-05-01","2024-05-07",99,99,60765.82,-5.05050505050505,-5.05050505050505,-9.546
"New","2025-05-01","2025-05-06",138,138,76700.13,"2024-05-01","2024-05-05",160,160,111109.14,-13.75,-13.75,-30.968
"New","2025-05-01","2025-05-05",180,180,105277.24,"2024-05-01","2024-05-04",124,124,80919.86,45.16129032258065,45.16129032258065,30.1
"New","2025-05-01","2025-05-16",80,80,36694.94,"2024-05-01","2024-05-15",111,111,64548.02,-27.92792792792793,-27.92792792792793,-43.15
"New","2025-05-01","2025-05-31",72,72,44666.81,"2024-05-01","2024-05-30",77,77,21297.05,-6.4935064935064934,-6.4935064935064934,109.732
"New","2025-05-01","2025-05-30",70,70,28491.33,"2024-05-01","2024-05-29",108,108,64511.4,-35.18518518518518,-35.18518518518518,-55.835
"Returning","2025-05-01","2025-05-17",39,39,13544.02,"2024-05-01","2024-05-16",49,51,12814.37,-20.408163265306122,-23.529411764705884,5.693
"New","2025-05-01","2025-05-29",57,57,42894.21,"2024-05-01","2024-05-28",318,318,176914.96,-82.0754716981132,-82.0754716981132,-75.754
"Returning","2025-05-01","2025-05-20",72,72,20025.5,"2024-05-01","2024-05-19",46,46,10603.26,56.52173913043478,56.52173913043478,88.861
"Returning","2025-05-01","2025-05-19",30,30,8672.88,"2024-05-01","2024-05-18",54,55,12233.98,-44.44444444444444,-45.45454545454545,-29.108
"Returning","2025-05-01","2025-05-31",42,47,16830.56,"2024-05-01","2024-05-30",80,80,5716.07,-47.5,-41.25,194.442
"Returning","2025-05-01","2025-05-29",38,39,8579.73,"2024-05-01","2024-05-28",172,173,57660.16,-77.90697674418605,-77.45664739884393,-85.12
"New","2025-05-01","2025-05-14",75,75,48870.54,"2024-05-01","2024-05-13",105,105,66440.78,-28.571428571428573,-28.571428571428573,-26.444
"New","2025-05-01","2025-05-13",92,92,24193.67,"2024-05-01","2024-05-12",107,107,69628.26,-14.018691588785046,-14.018691588785046,-65.253
"Returning","2025-05-01","2025-05-30",44,44,6505.45,"2024-05-01","2024-05-29",45,45,16524.22,-2.2222222222222223,-2.2222222222222223,-60.63
"New","2025-05-01","2025-05-15",88,88,59157.27,"2024-05-01","2024-05-14",110,110,60765.87,-20,-20,-2.647
"New","2025-05-01","2025-05-22",228,228,105759.9,"2024-05-01","2024-05-21",57,57,34274.92,300,300,208.563
"New","2025-06-01","2025-06-01",74,74,37813.61,"2024-05-01","2024-05-31",56,56,31624.13,32.142857142857146,32.142857142857146,19.572
"Returning","2025-06-01","2025-06-01",36,37,7628.03,"2024-05-01","2024-05-31",63,63,10798.91,-42.857142857142854,-41.26984126984127,-29.362
"New","2025-06-01","2025-06-03",81,81,45415.76,"2024-06-01","2024-06-02",60,60,43277.32,35,35,4.941
"New","2025-06-01","2025-06-27",69,69,36816.25,"2024-06-01","2024-06-26",37,37,26162.72,86.48648648648648,86.48648648648648,40.72
"New","2025-06-01","2025-06-04",96,96,59019,"2024-06-01","2024-06-03",77,77,40760.03,24.675324675324674,24.675324675324674,44.796
"New","2025-06-01","2025-06-05",84,84,48007.51,"2024-06-01","2024-06-04",53,53,31233.15,58.490566037735846,58.490566037735846,53.706
"Returning","2025-06-01","2025-06-16",30,30,7654.97,"2024-06-01","2024-06-15",15,15,4021.56,100,100,90.348
"Returning","2025-06-01","2025-06-07",48,50,10845.53,"2024-06-01","2024-06-06",49,50,4204.07,-2.0408163265306123,0,157.976
"Returning","2025-06-01","2025-06-08",119,125,47949.22,"2024-06-01","2024-06-07",61,61,10532.52,95.08196721311475,104.91803278688525,355.249
"Returning","2025-06-01","2025-06-15",37,37,16656.75,"2024-06-01","2024-06-14",19,19,4713.79,94.73684210526316,94.73684210526316,253.362
"Returning","2025-06-01","2025-06-09",130,132,56318.49,"2024-06-01","2024-06-08",69,72,10625.2,88.40579710144928,83.33333333333333,430.046
"Returning","2025-06-01","2025-06-14",29,30,10368.24,"2024-06-01","2024-06-13",34,35,10740.57,-14.705882352941176,-14.285714285714286,-3.466
"New","2025-06-01","2025-06-25",56,56,30192.36,"2024-06-01","2024-06-24",49,49,39166.38,14.285714285714286,14.285714285714286,-22.912
"New","2025-06-01","2025-06-24",56,56,19490.22,"2024-06-01","2024-06-23",30,30,17630.66,86.66666666666667,86.66666666666667,10.547
"New","2025-06-01","2025-06-22",63,63,37447.56,"2024-06-01","2024-06-21",46,46,21023,36.95652173913044,36.95652173913044,78.126
"New","2025-06-01","2025-06-23",57,57,30493.06,"2024-06-01","2024-06-22",57,57,42980.1,0,0,-29.053
"Returning","2025-06-01","2025-06-12",40,40,21521.95,"2024-06-01","2024-06-11",46,47,12909.36,-13.043478260869565,-14.893617021276595,66.715
"New","2025-06-01","2025-06-02",97,97,55899.35,"2024-06-01","2024-06-01",66,66,27273.58,46.96969696969697,46.96969696969697,104.957
"Returning","2025-06-01","2025-06-13",37,39,8693.43,"2024-06-01","2024-06-12",42,44,10008.2,-11.904761904761905,-11.363636363636363,-13.136
"Returning","2025-06-01","2025-06-02",337,343,115366.68,"2024-06-01","2024-06-01",71,72,14527.09,374.6478873239437,376.3888888888889,694.148
"Returning","2025-06-01","2025-06-05",135,136,43541.94,"2024-06-01","2024-06-04",48,48,9813.46,181.25,183.33333333333334,343.696
"Returning","2025-06-01","2025-06-10",57,57,27971.84,"2024-06-01","2024-06-09",83,84,24241.18,-31.325301204819276,-32.142857142857146,15.389
"New","2025-06-01","2025-06-21",51,51,26972.78,"2024-06-01","2024-06-20",57,57,25786.32,-10.526315789473685,-10.526315789473685,4.601
"New","2025-06-01","2025-06-20",59,59,28047.23,"2024-06-01","2024-06-19",51,51,26553.1,15.686274509803921,15.686274509803921,5.626
"New","2025-06-01","2025-06-18",58,58,23344.75,"2024-06-01","2024-06-17",46,46,14594.63,26.08695652173913,26.08695652173913,59.954
"Returning","2025-06-01","2025-06-04",180,183,59674.32,"2024-06-01","2024-06-03",52,52,8695.14,246.15384615384616,251.92307692307693,586.295
"Returning","2025-06-01","2025-06-11",37,37,7395.38,"2024-06-01","2024-06-10",40,40,12191.3,-7.5,-7.5,-39.338
"New","2025-06-01","2025-06-19",70,70,35006.65,"2024-06-01","2024-06-18",32,32,20310.08,118.75,118.75,72.36
"New","2025-06-01","2025-06-07",63,63,25639.02,"2024-06-01","2024-06-06",52,52,18074.68,21.153846153846153,21.153846153846153,41.85
"New","2025-06-01","2025-06-06",74,74,44281.12,"2024-06-01","2024-06-05",51,51,32564.21,45.09803921568628,45.09803921568628,35.98
"New","2025-06-01","2025-06-08",201,201,116357.68,"2024-06-01","2024-06-07",69,69,39469.07,191.30434782608697,191.30434782608697,194.807
"New","2025-06-01","2025-06-09",240,240,124629.9,"2024-06-01","2024-06-08",60,60,14962.65,300,300,732.94
"New","2025-06-01","2025-06-14",53,53,35414.71,"2024-06-01","2024-06-13",58,58,36240.54,-8.620689655172415,-8.620689655172415,-2.278
"New","2025-06-01","2025-06-15",54,54,36158.21,"2024-06-01","2024-06-14",42,42,27580.66,28.571428571428573,28.571428571428573,31.099
"New","2025-06-01","2025-06-17",45,45,27962.09,"2024-06-01","2024-06-16",41,41,30659.74,9.75609756097561,9.75609756097561,-8.798
"New","2025-06-01","2025-06-16",50,50,28680.06,"2024-06-01","2024-06-15",41,41,23199.29,21.951219512195124,21.951219512195124,23.624
"Returning","2025-06-01","2025-06-30",46,47,4845.04,"2024-06-01","2024-06-29",33,33,-155.19,39.39393939393939,42.42424242424242,3222.005
"Returning","2025-06-01","2025-06-18",39,39,10311.5,"2024-06-01","2024-06-17",30,30,2389.06,30,30,331.613
"New","2025-06-01","2025-06-30",56,56,17067.24,"2024-06-01","2024-06-29",44,44,27136.14,27.272727272727273,27.272727272727273,-37.105
"Returning","2025-06-01","2025-06-19",41,41,18978.86,"2024-06-01","2024-06-18",39,39,-23.03,5.128205128205129,5.128205128205129,82509.292
"Returning","2025-06-01","2025-06-20",40,42,6961.37,"2024-06-01","2024-06-19",31,31,1103.62,29.032258064516128,35.483870967741936,530.775
"Returning","2025-06-01","2025-06-21",36,37,13282.66,"2024-06-01","2024-06-20",45,46,6985.64,-20,-19.565217391304348,90.142
"New","2025-06-01","2025-06-29",55,55,32229.44,"2024-06-01","2024-06-28",54,54,30443.68,1.8518518518518519,1.8518518518518519,5.865
"New","2025-06-01","2025-06-28",46,46,30051.9,"2024-06-01","2024-06-27",48,48,17218.13,-4.166666666666667,-4.166666666666667,74.536
"New","2025-06-01","2025-06-26",40,40,12800.51,"2024-06-01","2024-06-25",41,41,20260.92,-2.4390243902439024,-2.4390243902439024,-36.821
"Returning","2025-06-01","2025-06-28",39,39,12802.65,"2024-06-01","2024-06-27",72,72,10835.73,-45.833333333333336,-45.833333333333336,18.152
"Returning","2025-06-01","2025-06-24",27,28,2617.56,"2024-06-01","2024-06-23",28,29,4592.91,-3.5714285714285716,-3.4482758620689653,-43.008
"Returning","2025-06-01","2025-06-06",50,50,14824.74,"2024-06-01","2024-06-05",41,41,10210.61,21.951219512195124,21.951219512195124,45.189
"Returning","2025-06-01","2025-06-29",24,24,9490.18,"2024-06-01","2024-06-28",38,38,4681.02,-36.8421052631579,-36.8421052631579,102.737
"Returning","2025-06-01","2025-06-26",36,36,4327.31,"2024-06-01","2024-06-25",32,33,6066.82,12.5,9.090909090909092,-28.672
"Returning","2025-06-01","2025-06-27",57,57,12412.2,"2024-06-01","2024-06-26",34,34,6583.13,67.6470588235294,67.6470588235294,88.545
"Returning","2025-06-01","2025-06-23",43,43,5045.75,"2024-06-01","2024-06-22",31,32,15353.85,38.70967741935484,34.375,-67.136
"Returning","2025-06-01","2025-06-22",25,28,6074.03,"2024-06-01","2024-06-21",46,46,7707.38,-45.65217391304348,-39.130434782608695,-21.192
"Returning","2025-06-01","2025-06-17",36,36,11758.14,"2024-06-01","2024-06-16",24,24,14790.35,50,50,-20.501
"New","2025-06-01","2025-06-10",96,96,59165.87,"2024-06-01","2024-06-09",93,93,53289.74,3.225806451612903,3.225806451612903,11.026
"New","2025-06-01","2025-06-11",70,70,27840.65,"2024-06-01","2024-06-10",68,68,44857.93,2.9411764705882355,2.9411764705882355,-37.935
"Returning","2025-06-01","2025-06-25",34,35,7878.79,"2024-06-01","2024-06-24",46,47,2150.76,-26.08695652173913,-25.53191489361702,266.325
"New","2025-06-01","2025-06-13",60,60,30795.83,"2024-06-01","2024-06-12",59,59,29318.45,1.694915254237288,1.694915254237288,5.039
"New","2025-06-01","2025-06-12",64,64,39880.69,"2024-06-01","2024-06-11",66,66,38089.1,-3.0303030303030303,-3.0303030303030303,4.703
"Returning","2025-06-01","2025-06-03",130,132,47055.67,"2024-06-01","2024-06-02",30,31,17671.91,333.3333333333333,325.80645161290323,166.273
"Returning","2025-07-01","2025-07-01",43,43,8606.73,"2024-06-01","2024-06-30",45,45,9061.45,-4.444444444444445,-4.444444444444445,-5.018
"New","2025-07-01","2025-07-01",70,70,31704.8,"2024-06-01","2024-06-30",47,47,39750.73,48.93617021276596,48.93617021276596,-20.24
"Returning","2025-07-01","2025-07-22",55,56,22130.03,"2024-07-01","2024-07-21",20,21,7999.01,175,166.66666666666666,176.659
"New","2025-07-01","2025-07-02",58,58,30292.22,"2024-07-01","2024-07-01",67,67,43946.31,-13.432835820895523,-13.432835820895523,-31.069
"New","2025-07-01","2025-07-11",132,132,23805.59,"2024-07-01","2024-07-10",56,56,28339.49,135.71428571428572,135.71428571428572,-15.998
"New","2025-07-01","2025-07-10",57,57,26121.72,"2024-07-01","2024-07-09",60,60,25989.98,-5,-5,0.506
"Returning","2025-07-01","2025-07-20",40,40,17742.11,"2024-07-01","2024-07-19",24,24,5150.36,66.66666666666667,66.66666666666667,244.482
"New","2025-07-01","2025-07-31",63,63,37748.37,"2024-07-01","2024-07-30",63,63,31835.84,0,0,18.571
"New","2025-07-01","2025-07-30",62,62,31504.11,"2024-07-01","2024-07-29",44,44,34082.47,40.90909090909091,40.90909090909091,-7.565
"New","2025-07-01","2025-07-28",50,50,24458.36,"2024-07-01","2024-07-27",39,39,26439.38,28.205128205128204,28.205128205128204,-7.492
"New","2025-07-01","2025-07-29",61,61,16228.58,"2024-07-01","2024-07-28",40,40,31890.33,52.5,52.5,-49.111
"Returning","2025-07-01","2025-07-21",42,42,6969.16,"2024-07-01","2024-07-20",26,26,4065.79,61.53846153846154,61.53846153846154,71.409
"Returning","2025-07-01","2025-07-04",38,38,11792.42,"2024-07-01","2024-07-03",37,37,3207.47,2.7027027027027026,2.7027027027027026,267.654
"New","2025-07-01","2025-07-12",59,59,31090.72,"2024-07-01","2024-07-11",57,57,18948.93,3.508771929824561,3.508771929824561,64.076
"New","2025-07-01","2025-07-13",45,45,21498.83,"2024-07-01","2024-07-12",83,83,32276.8,-45.78313253012048,-45.78313253012048,-33.392
"New","2025-07-01","2025-07-15",57,57,25898.3,"2024-07-01","2024-07-14",59,59,37418.9,-3.389830508474576,-3.389830508474576,-30.788
"New","2025-07-01","2025-07-14",58,58,27899.19,"2024-07-01","2024-07-13",41,41,10982.62,41.46341463414634,41.46341463414634,154.03
"New","2025-07-01","2025-07-09",71,71,28624.9,"2024-07-01","2024-07-08",98,98,54014.58,-27.551020408163264,-27.551020408163264,-47.005
"Returning","2025-07-01","2025-07-06",27,28,10848.77,"2024-07-01","2024-07-05",55,56,12684.02,-50.90909090909091,-50,-14.468
"Returning","2025-07-01","2025-07-07",44,44,7555.99,"2024-07-01","2024-07-06",26,26,4795.38,69.23076923076923,69.23076923076923,57.568
"New","2025-07-01","2025-07-16",52,52,24130.4,"2024-07-01","2024-07-15",54,54,39271.08,-3.7037037037037037,-3.7037037037037037,-38.554
"New","2025-07-01","2025-07-17",58,58,22352.52,"2024-07-01","2024-07-16",57,57,29683.38,1.7543859649122806,1.7543859649122806,-24.696
"New","2025-07-01","2025-07-19",43,43,24133.5,"2024-07-01","2024-07-18",73,73,42505.29,-41.0958904109589,-41.0958904109589,-43.222
"Returning","2025-07-01","2025-07-27",36,36,5832.81,"2024-07-01","2024-07-26",24,25,3973.36,50,44,46.797
"New","2025-07-01","2025-07-18",52,52,29519.43,"2024-07-01","2024-07-17",58,58,35090.57,-10.344827586206897,-10.344827586206897,-15.876
"Returning","2025-07-01","2025-07-26",39,39,15299.18,"2024-07-01","2024-07-25",63,65,5730.61,-38.095238095238095,-40,166.972
"Returning","2025-07-01","2025-07-25",55,55,12969.23,"2024-07-01","2024-07-24",37,38,9243.6,48.648648648648646,44.73684210526316,40.304
"Returning","2025-07-01","2025-07-24",37,41,19237.11,"2024-07-01","2024-07-23",51,53,11369.27,-27.45098039215686,-22.641509433962263,69.202
"Returning","2025-07-01","2025-07-09",61,61,8627.07,"2024-07-01","2024-07-08",47,47,21876.37,29.78723404255319,29.78723404255319,-60.564
"Returning","2025-07-01","2025-07-28",46,47,9822.39,"2024-07-01","2024-07-27",33,35,11508.02,39.39393939393939,34.285714285714285,-14.647
"New","2025-07-01","2025-07-04",63,63,35705.65,"2024-07-01","2024-07-03",48,48,36227.8,31.25,31.25,-1.441
"New","2025-07-01","2025-07-05",55,55,32275.95,"2024-07-01","2024-07-04",57,57,45355.86,-3.508771929824561,-3.508771929824561,-28.838
"Returning","2025-07-01","2025-07-08",33,35,9152.43,"2024-07-01","2024-07-07",44,44,14063.88,-25,-20.454545454545453,-34.922
"New","2025-07-01","2025-07-07",102,102,32521.97,"2024-07-01","2024-07-06",53,53,38808.64,92.45283018867924,92.45283018867924,-16.199
"New","2025-07-01","2025-07-06",56,56,47587.29,"2024-07-01","2024-07-05",50,50,29151.64,12,12,63.24
"Returning","2025-07-01","2025-07-29",40,41,7483.84,"2024-07-01","2024-07-28",15,15,1708.53,166.66666666666666,173.33333333333334,338.028
"Returning","2025-07-01","2025-07-11",31,32,3100.38,"2024-07-01","2024-07-10",33,34,6504.41,-6.0606060606060606,-5.882352941176471,-52.334
"Returning","2025-07-01","2025-07-30",51,52,7767.32,"2024-07-01","2024-07-29",27,27,4616.69,88.88888888888889,92.5925925925926,68.244
"Returning","2025-07-01","2025-07-10",39,39,8943.16,"2024-07-01","2024-07-09",33,34,7122.5,18.181818181818183,14.705882352941176,25.562
"Returning","2025-07-01","2025-07-31",42,43,11318.07,"2024-07-01","2024-07-30",34,34,7377.97,23.529411764705884,26.470588235294116,53.403
"Returning","2025-07-01","2025-07-03",35,36,10166.73,"2024-07-01","2024-07-02",47,48,2213.18,-25.53191489361702,-25,359.372
"New","2025-07-01","2025-07-23",58,58,27237.43,"2024-07-01","2024-07-22",52,52,28844.65,11.538461538461538,11.538461538461538,-5.571
"Returning","2025-07-01","2025-07-02",32,32,9126.17,"2024-07-01","2024-07-01",44,44,11652.93,-27.272727272727273,-27.272727272727273,-21.683
"New","2025-07-01","2025-07-22",50,50,26729.3,"2024-07-01","2024-07-21",39,39,26157.64,28.205128205128204,28.205128205128204,2.185
"New","2025-07-01","2025-07-20",56,56,35300.51,"2024-07-01","2024-07-19",58,58,24449.44,-3.4482758620689653,-3.4482758620689653,44.381
"New","2025-07-01","2025-07-21",78,78,35336.58,"2024-07-01","2024-07-20",33,33,19553.5,136.36363636363637,136.36363636363637,80.717
"Returning","2025-07-01","2025-07-23",40,41,10615.64,"2024-07-01","2024-07-22",58,58,9194.68,-31.03448275862069,-29.310344827586206,15.454
"New","2025-07-01","2025-07-03",55,55,30249.7,"2024-07-01","2024-07-02",50,50,15844.12,10,10,90.92
"Returning","2025-07-01","2025-07-15",41,41,9207.06,"2024-07-01","2024-07-14",31,31,19359.15,32.25806451612903,32.25806451612903,-52.44
"Returning","2025-07-01","2025-07-17",31,31,5678.64,"2024-07-01","2024-07-16",33,33,6801.04,-6.0606060606060606,-6.0606060606060606,-16.503
"New","2025-07-01","2025-07-08",65,65,36341.2,"2024-07-01","2024-07-07",60,60,39000.15,8.333333333333334,8.333333333333334,-6.817
"Returning","2025-07-01","2025-07-16",43,44,13936.68,"2024-07-01","2024-07-15",60,62,10830.53,-28.333333333333332,-29.032258064516128,28.679
"Returning","2025-07-01","2025-07-19",36,36,11018.12,"2024-07-01","2024-07-18",42,42,8104.25,-14.285714285714286,-14.285714285714286,35.954
"Returning","2025-07-01","2025-07-18",45,46,14080.47,"2024-07-01","2024-07-17",32,33,9021.48,40.625,39.39393939393939,56.077
"Returning","2025-07-01","2025-07-12",30,30,8452.07,"2024-07-01","2024-07-11",60,60,7918.28,-50,-50,6.741
"New","2025-07-01","2025-07-27",53,53,30792.74,"2024-07-01","2024-07-26",30,30,23681.31,76.66666666666667,76.66666666666667,30.029
"New","2025-07-01","2025-07-26",49,49,27385.19,"2024-07-01","2024-07-25",44,44,13913.93,11.363636363636363,11.363636363636363,96.818
"New","2025-07-01","2025-07-24",63,63,28764.98,"2024-07-01","2024-07-23",60,60,28565.24,5,5,0.699
"New","2025-07-01","2025-07-25",64,64,24952.89,"2024-07-01","2024-07-24",45,45,31091.31,42.22222222222222,42.22222222222222,-19.743
"Returning","2025-07-01","2025-07-13",20,21,6972.78,"2024-07-01","2024-07-12",58,58,10871.02,-65.51724137931035,-63.793103448275865,-35.859
"Returning","2025-07-01","2025-07-14",34,34,7064.5,"2024-07-01","2024-07-13",22,22,4171.94,54.54545454545455,54.54545454545455,69.333
"Returning","2025-07-01","2025-07-05",24,24,7913.21,"2024-07-01","2024-07-04",25,25,6971.2,-4,-4,13.512
"Returning","2025-08-01","2025-08-01",38,39,9792.2,"2024-07-01","2024-07-31",19,21,5244.96,100,85.71428571428571,86.697
"New","2025-08-01","2025-08-01",51,51,24400.38,"2024-07-01","2024-07-31",34,34,28087.01,50,50,-13.125
"Returning","2025-08-01","2025-08-30",128,134,57380.69,"2024-08-01","2024-08-29",81,82,27836.48,58.02469135802469,63.41463414634146,106.134
"Returning","2025-08-01","2025-08-18",105,107,90071.4,"2024-08-01","2024-08-17",35,35,8323.98,200,205.71428571428572,982.071
"Returning","2025-08-01","2025-08-02",25,25,8322.24,"2024-08-01","2024-08-01",30,30,6509.91,-16.666666666666668,-16.666666666666668,27.839
"New","2025-08-01","2025-08-18",76,76,35409.22,"2024-08-01","2024-08-17",53,53,14945.93,43.39622641509434,43.39622641509434,136.915
"New","2025-08-01","2025-08-17",77,77,51811.61,"2024-08-01","2024-08-16",46,46,19939.5,67.3913043478261,67.3913043478261,159.844
"Returning","2025-08-01","2025-08-28",135,136,58147.76,"2024-08-01","2024-08-27",74,76,18264.39,82.43243243243244,78.94736842105263,218.366
"Returning","2025-08-01","2025-08-31",105,109,54899.93,"2024-08-01","2024-08-30",89,92,30039.55,17.97752808988764,18.47826086956522,82.758
"New","2025-08-01","2025-08-19",66,66,36370.89,"2024-08-01","2024-08-18",44,44,33240.5,50,50,9.417
"New","2025-08-01","2025-08-20",108,108,54866.37,"2024-08-01","2024-08-19",32,32,15745.82,237.5,237.5,248.45
"Returning","2025-08-01","2025-08-04",49,50,10782.31,"2024-08-01","2024-08-03",11,11,1658.24,345.45454545454544,354.54545454545456,550.226
"Returning","2025-08-01","2025-08-25",36,41,15524.97,"2024-08-01","2024-08-24",60,61,16112.36,-40,-32.78688524590164,-3.645
"Returning","2025-08-01","2025-08-03",31,31,7482.65,"2024-08-01","2024-08-02",29,29,7104.98,6.896551724137931,6.896551724137931,5.315
"Returning","2025-08-01","2025-08-26",48,51,14569.61,"2024-08-01","2024-08-25",73,73,26142.48,-34.24657534246575,-30.136986301369863,-44.268
"New","2025-08-01","2025-08-14",96,96,25858.19,"2024-08-01","2024-08-13",55,55,29050.18,74.54545454545455,74.54545454545455,-10.987
"New","2025-08-01","2025-08-13",58,58,42912.85,"2024-08-01","2024-08-12",47,47,33115.16,23.404255319148938,23.404255319148938,29.586
"Returning","2025-08-01","2025-08-27",106,110,53841.8,"2024-08-01","2024-08-26",88,91,29016.12,20.454545454545453,20.87912087912088,85.558
"New","2025-08-01","2025-08-16",67,67,34648.31,"2024-08-01","2024-08-15",58,58,41212.28,15.517241379310345,15.517241379310345,-15.927
"Returning","2025-08-01","2025-08-24",33,33,12278.53,"2024-08-01","2024-08-23",138,142,46318.88,-76.08695652173913,-76.7605633802817,-73.491
"Returning","2025-08-01","2025-08-23",41,41,19363.45,"2024-08-01","2024-08-22",118,120,26724.43,-65.2542372881356,-65.83333333333333,-27.544
"New","2025-08-01","2025-08-04",83,83,40880.06,"2024-08-01","2024-08-03",34,34,18588.07,144.11764705882354,144.11764705882354,119.926
"New","2025-08-01","2025-08-03",63,63,34788.12,"2024-08-01","2024-08-02",57,57,42318.18,10.526315789473685,10.526315789473685,-17.793
"Returning","2025-08-01","2025-08-29",102,106,48614.82,"2024-08-01","2024-08-28",97,100,34767.23,5.154639175257732,6,39.829
"New","2025-08-01","2025-08-02",44,44,24194.98,"2024-08-01","2024-08-01",42,42,9959.05,4.761904761904762,4.761904761904762,142.944
"Returning","2025-08-01","2025-08-22",35,35,9243.28,"2024-08-01","2024-08-21",44,44,8052.21,-20.454545454545453,-20.454545454545453,14.791
"New","2025-08-01","2025-08-31",217,217,136245.93,"2024-08-01","2024-08-30",120,120,73841.77,80.83333333333333,80.83333333333333,84.51
"New","2025-08-01","2025-08-30",161,161,95346.87,"2024-08-01","2024-08-29",115,115,67691.78,40,40,40.854
"New","2025-08-01","2025-08-29",177,177,107338.72,"2024-08-01","2024-08-28",108,108,62993.67,63.888888888888886,63.888888888888886,70.396
"Returning","2025-08-01","2025-08-21",92,95,70823.2,"2024-08-01","2024-08-20",51,51,8730.55,80.3921568627451,86.27450980392157,711.211
"New","2025-08-01","2025-08-27",135,135,69946.4,"2024-08-01","2024-08-26",112,112,63258.77,20.535714285714285,20.535714285714285,10.571
"Returning","2025-08-01","2025-08-14",35,35,7501.33,"2024-08-01","2024-08-13",52,53,6511.17,-32.69230769230769,-33.9622641509434,15.207
"Returning","2025-08-01","2025-08-07",40,41,9470.29,"2024-08-01","2024-08-06",42,42,8533.53,-4.761904761904762,-2.380952380952381,10.977
"New","2025-08-01","2025-08-28",199,199,131234.14,"2024-08-01","2024-08-27",90,90,54664.02,121.11111111111111,121.11111111111111,140.074
"New","2025-08-01","2025-08-26",77,77,42223.75,"2024-08-01","2024-08-25",118,118,64931.92,-34.74576271186441,-34.74576271186441,-34.972
"New","2025-08-01","2025-08-25",62,62,31263.79,"2024-08-01","2024-08-24",115,115,63535.34,-46.08695652173913,-46.08695652173913,-50.793
"Returning","2025-08-01","2025-08-13",48,49,13037.37,"2024-08-01","2024-08-12",23,23,9128.62,108.69565217391305,113.04347826086956,42.818
"Returning","2025-08-01","2025-08-08",31,32,10675.49,"2024-08-01","2024-08-07",44,44,10842.25,-29.545454545454547,-27.272727272727273,-1.538
"Returning","2025-08-01","2025-08-05",38,39,13037.81,"2024-08-01","2024-08-04",16,16,4324.94,137.5,143.75,201.456
"Returning","2025-08-01","2025-08-16",35,35,9460.09,"2024-08-01","2024-08-15",43,44,9381.14,-18.6046511627907,-20.454545454545453,0.841
"Returning","2025-08-01","2025-08-06",52,55,10488.79,"2024-08-01","2024-08-05",29,29,7430.62,79.3103448275862,89.65517241379311,41.156
"Returning","2025-08-01","2025-08-15",44,45,14462.97,"2024-08-01","2024-08-14",71,72,14583.86,-38.028169014084504,-37.5,-0.828
"New","2025-08-01","2025-08-05",65,65,41560,"2024-08-01","2024-08-04",37,37,21550.74,75.67567567567568,75.67567567567568,92.847
"New","2025-08-01","2025-08-06",60,60,28088.71,"2024-08-01","2024-08-05",47,47,25071.95,27.659574468085108,27.659574468085108,12.032
"New","2025-08-01","2025-08-08",47,47,21443.21,"2024-08-01","2024-08-07",54,54,31298.81,-12.962962962962964,-12.962962962962964,-31.488
"New","2025-08-01","2025-08-07",43,43,20395.1,"2024-08-01","2024-08-06",49,49,37001.48,-12.244897959183673,-12.244897959183673,-44.88
"Returning","2025-08-01","2025-08-17",165,166,162295.21,"2024-08-01","2024-08-16",60,60,9667.6,175,176.66666666666666,1578.753
"Returning","2025-08-01","2025-08-12",38,41,11759.83,"2024-08-01","2024-08-11",26,26,3505.92,46.15384615384615,57.69230769230769,235.427
"New","2025-08-01","2025-08-21",84,84,50717.88,"2024-08-01","2024-08-20",52,52,20867.13,61.53846153846154,61.53846153846154,143.051
"Returning","2025-08-01","2025-08-11",39,40,8941.84,"2024-08-01","2024-08-10",39,42,8378.51,0,-4.761904761904762,6.723
"Returning","2025-08-01","2025-08-10",29,31,10725.02,"2024-08-01","2024-08-09",40,45,11402.78,-27.5,-31.11111111111111,-5.943
"Returning","2025-08-01","2025-08-19",73,74,46028.68,"2024-08-01","2024-08-18",21,21,6925.11,247.61904761904762,252.38095238095238,564.663
"New","2025-08-01","2025-08-09",46,46,24289.26,"2024-08-01","2024-08-08",45,45,29796.29,2.2222222222222223,2.2222222222222223,-18.482
"New","2025-08-01","2025-08-10",45,45,25511.28,"2024-08-01","2024-08-09",44,44,21641.97,2.272727272727273,2.272727272727273,17.878
"Returning","2025-08-01","2025-08-09",31,31,8402.16,"2024-08-01","2024-08-08",52,52,10181.88,-40.38461538461539,-40.38461538461539,-17.479
"New","2025-08-01","2025-08-12",76,76,36802.85,"2024-08-01","2024-08-11",56,56,34355.66,35.714285714285715,35.714285714285715,7.123
"Returning","2025-08-01","2025-08-20",99,99,81773.4,"2024-08-01","2024-08-19",25,26,10537.33,296,280.7692307692308,676.035
"New","2025-08-01","2025-08-11",100,100,19897.92,"2024-08-01","2024-08-10",35,35,16403.66,185.71428571428572,185.71428571428572,21.301
"New","2025-08-01","2025-08-23",49,49,26615.42,"2024-08-01","2024-08-22",63,63,17806.28,-22.22222222222222,-22.22222222222222,49.472
"New","2025-08-01","2025-08-24",63,63,40585.31,"2024-08-01","2024-08-23",147,147,87004.77,-57.142857142857146,-57.142857142857146,-53.352
"New","2025-08-01","2025-08-22",46,46,31208.35,"2024-08-01","2024-08-21",54,54,31185.26,-14.814814814814815,-14.814814814814815,0.074
"New","2025-08-01","2025-08-15",80,80,20594.07,"2024-08-01","2024-08-14",36,36,19377.5,122.22222222222223,122.22222222222223,6.278
"Returning","2025-09-01","2025-09-01",167,174,88230.45,"2024-08-01","2024-08-31",83,84,38132.51,101.20481927710843,107.14285714285714,131.378
"New","2025-09-01","2025-09-01",334,334,198771.67,"2024-08-01","2024-08-31",140,140,79075.59,138.57142857142858,138.57142857142858,151.369
"New","2025-09-01","2025-09-17",74,74,36596.6,"2024-09-01","2024-09-16",35,35,33106.02,111.42857142857143,111.42857142857143,10.543
"Returning","2025-09-01","2025-09-20",20,20,10514.8,"2024-09-01","2024-09-19",30,32,9550.96,-33.333333333333336,-37.5,10.091
"New","2025-09-01","2025-09-14",45,45,21266.99,"2024-09-01","2024-09-13",47,47,37232.83,-4.25531914893617,-4.25531914893617,-42.881
"Returning","2025-09-01","2025-09-30",81,87,35008.6,"2024-09-01","2024-09-29",29,29,11143.64,179.31034482758622,200,214.157
"New","2025-09-01","2025-09-04",78,78,35534.51,"2024-09-01","2024-09-03",196,196,128628.09,-60.204081632653065,-60.204081632653065,-72.374
"New","2025-09-01","2025-09-05",91,91,23574.7,"2024-09-01","2024-09-04",64,64,34950.95,42.1875,42.1875,-32.549
"New","2025-09-01","2025-09-03",157,157,91590.33,"2024-09-01","2024-09-02",369,369,243843.1,-57.452574525745256,-57.452574525745256,-62.438
"New","2025-09-01","2025-09-02",240,240,138119.85,"2024-09-01","2024-09-01",209,209,133199.03,14.832535885167465,14.832535885167465,3.694
"Returning","2025-09-01","2025-09-27",37,37,8650.15,"2024-09-01","2024-09-26",31,31,6723.1,19.35483870967742,19.35483870967742,28.663
"Returning","2025-09-01","2025-09-26",30,30,10900.11,"2024-09-01","2024-09-25",38,38,8119.69,-21.05263157894737,-21.05263157894737,34.242
"New","2025-09-01","2025-09-30",77,77,38714.66,"2024-09-01","2024-09-29",41,41,19113.06,87.8048780487805,87.8048780487805,102.556
"Returning","2025-09-01","2025-09-29",36,37,17977.1,"2024-09-01","2024-09-28",23,23,7747.62,56.52173913043478,60.869565217391305,132.033
"Returning","2025-09-01","2025-09-28",37,37,13083.96,"2024-09-01","2024-09-27",34,36,9345.65,8.823529411764707,2.7777777777777777,40
"Returning","2025-09-01","2025-09-02",117,117,54092.69,"2024-09-01","2024-09-01",120,122,44242.75,-2.5,-4.098360655737705,22.263
"Returning","2025-09-01","2025-09-03",120,122,55914.72,"2024-09-01","2024-09-02",157,159,59218.65,-23.56687898089172,-23.270440251572328,-5.579
"New","2025-09-01","2025-09-15",57,57,30230.55,"2024-09-01","2024-09-14",29,29,14091.91,96.55172413793103,96.55172413793103,114.524
"Returning","2025-09-01","2025-09-05",43,43,12847.92,"2024-09-01","2024-09-04",57,57,13588.98,-24.56140350877193,-24.56140350877193,-5.453
"New","2025-09-01","2025-09-21",49,49,43987.88,"2024-09-01","2024-09-20",41,41,20290.38,19.51219512195122,19.51219512195122,116.791
"Returning","2025-09-01","2025-09-22",36,36,10080.26,"2024-09-01","2024-09-21",27,27,8330.7,33.333333333333336,33.333333333333336,21.001
"New","2025-09-01","2025-09-20",36,36,15424.72,"2024-09-01","2024-09-19",38,38,27237.98,-5.2631578947368425,-5.2631578947368425,-43.37
"New","2025-09-01","2025-09-18",38,38,20628.84,"2024-09-01","2024-09-17",32,32,17287.29,18.75,18.75,19.329
"New","2025-09-01","2025-09-19",44,44,18031.05,"2024-09-01","2024-09-18",48,48,30670.11,-8.333333333333334,-8.333333333333334,-41.209
"Returning","2025-09-01","2025-09-23",36,36,5749.67,"2024-09-01","2024-09-22",18,18,7939.75,100,100,-27.583
"Returning","2025-09-01","2025-09-24",33,33,7306.68,"2024-09-01","2024-09-23",30,31,9439.87,10,6.451612903225806,-22.597
"Returning","2025-09-01","2025-09-25",23,23,6541.15,"2024-09-01","2024-09-24",34,34,4695.81,-32.35294117647059,-32.35294117647059,39.297
"New","2025-09-01","2025-09-16",76,76,37774.46,"2024-09-01","2024-09-15",43,43,31041.5,76.74418604651163,76.74418604651163,21.69
"Returning","2025-09-01","2025-09-16",33,34,8982.58,"2024-09-01","2024-09-15",26,27,8470.81,26.923076923076923,25.925925925925927,6.041
"Returning","2025-09-01","2025-09-17",35,35,14903.97,"2024-09-01","2024-09-16",23,23,10747.14,52.17391304347826,52.17391304347826,38.678
"Returning","2025-09-01","2025-09-14",23,23,7409.87,"2024-09-01","2024-09-13",30,30,5434.6,-23.333333333333332,-23.333333333333332,36.346
"Returning","2025-09-01","2025-09-15",36,36,9360.38,"2024-09-01","2024-09-14",24,25,6716.95,50,44,39.354
"Returning","2025-09-01","2025-09-12",37,38,10080.22,"2024-09-01","2024-09-11",45,46,13977.95,-17.77777777777778,-17.391304347826086,-27.884
"New","2025-09-01","2025-09-22",82,82,34720.22,"2024-09-01","2024-09-21",43,43,27664.12,90.69767441860465,90.69767441860465,25.506
"Returning","2025-09-01","2025-09-13",22,22,6396.15,"2024-09-01","2024-09-12",43,43,2292.46,-48.83720930232558,-48.83720930232558,179.008
"New","2025-09-01","2025-09-23",86,86,18008.52,"2024-09-01","2024-09-22",52,52,36044.85,65.38461538461539,65.38461538461539,-50.038
"New","2025-09-01","2025-09-25",40,40,28148.53,"2024-09-01","2024-09-24",67,67,32567.24,-40.298507462686565,-40.298507462686565,-13.567
"New","2025-09-01","2025-09-24",137,137,26498.52,"2024-09-01","2024-09-23",38,38,26830.07,260.5263157894737,260.5263157894737,-1.235
"New","2025-09-01","2025-09-11",136,136,21842.83,"2024-09-01","2024-09-10",53,53,43938.22,156.60377358490567,156.60377358490567,-50.287
"New","2025-09-01","2025-09-10",63,63,31404.69,"2024-09-01","2024-09-09",55,55,31227.31,14.545454545454545,14.545454545454545,0.568
"Returning","2025-09-01","2025-09-10",30,30,7349.25,"2024-09-01","2024-09-09",37,37,7265.99,-18.91891891891892,-18.91891891891892,1.145
"New","2025-09-01","2025-09-12",38,38,17869.22,"2024-09-01","2024-09-11",46,46,21254.31,-17.391304347826086,-17.391304347826086,-15.926
"New","2025-09-01","2025-09-13",37,37,21915.26,"2024-09-01","2024-09-12",41,41,20397.26,-9.75609756097561,-9.75609756097561,7.442
"Returning","2025-09-01","2025-09-11",31,31,10833.49,"2024-09-01","2024-09-10",32,34,9818.63,-3.125,-8.823529411764707,10.336
"Returning","2025-09-01","2025-09-21",20,20,4795.65,"2024-09-01","2024-09-20",36,36,2709.69,-44.44444444444444,-44.44444444444444,76.981
"New","2025-09-01","2025-09-26",48,48,33306.66,"2024-09-01","2024-09-25",43,43,31099.91,11.627906976744185,11.627906976744185,7.095
"Returning","2025-09-01","2025-09-06",26,27,20660.26,"2024-09-01","2024-09-05",52,53,8716.89,-50,-49.056603773584904,137.014
"New","2025-09-01","2025-09-27",39,39,27739.22,"2024-09-01","2024-09-26",48,48,25821.79,-18.75,-18.75,7.425
"New","2025-09-01","2025-09-29",77,77,38994.66,"2024-09-01","2024-09-28",43,43,35781.96,79.06976744186046,79.06976744186046,8.978
"New","2025-09-01","2025-09-28",43,43,28205.55,"2024-09-01","2024-09-27",39,39,18460.81,10.256410256410257,10.256410256410257,52.786
"New","2025-09-01","2025-09-07",53,53,38493.76,"2024-09-01","2024-09-06",43,43,36713,23.25581395348837,23.25581395348837,4.85
"Returning","2025-09-01","2025-09-19",33,33,10304.88,"2024-09-01","2024-09-18",30,30,3523.01,10,10,192.502
"New","2025-09-01","2025-09-06",63,63,38507.03,"2024-09-01","2024-09-05",53,53,30913.06,18.867924528301888,18.867924528301888,24.565
"New","2025-09-01","2025-09-08",70,70,38387.73,"2024-09-01","2024-09-07",50,50,23215.75,40,40,65.352
"New","2025-09-01","2025-09-09",66,66,23339.57,"2024-09-01","2024-09-08",34,34,21649.92,94.11764705882354,94.11764705882354,7.804
"Returning","2025-09-01","2025-09-18",34,35,7309.46,"2024-09-01","2024-09-17",35,35,7813.5,-2.857142857142857,0,-6.45
"Returning","2025-09-01","2025-09-09",36,37,-513.07,"2024-09-01","2024-09-08",42,42,9392.69,-14.285714285714286,-11.904761904761905,-105.462
"Returning","2025-09-01","2025-09-08",35,36,21184.5,"2024-09-01","2024-09-07",54,54,6271.52,-35.18518518518518,-33.333333333333336,237.788
"Returning","2025-09-01","2025-09-07",35,35,21358.91,"2024-09-01","2024-09-06",37,37,7158.06,-5.405405405405405,-5.405405405405405,198.389
"Returning","2025-09-01","2025-09-04",44,46,15548.71,"2024-09-01","2024-09-03",104,106,39468.23,-57.69230769230769,-56.60377358490566,-60.604
"Returning","2025-10-01","2025-10-01",50,50,12925.5,"2024-09-01","2024-09-30",23,24,11833.62,117.3913043478261,108.33333333333333,9.226
"New","2025-10-01","2025-10-01",77,77,33065.04,"2024-09-01","2024-09-30",50,50,40306.26,54,54,-17.965
"Returning","2025-10-01","2025-10-02",71,71,21813.78,"2024-10-01","2024-10-01",69,69,16444.11,2.898550724637681,2.898550724637681,32.654
"New","2025-10-01","2025-10-26",74,74,38638.17,"2024-10-01","2024-10-25",74,74,36213.88,0,0,6.694
"New","2025-10-01","2025-10-21",73,73,30048.68,"2024-10-01","2024-10-20",48,48,36535.43,52.083333333333336,52.083333333333336,-17.754
"Returning","2025-10-01","2025-10-03",37,37,7367.46,"2024-10-01","2024-10-02",53,55,13527.11,-30.18867924528302,-32.72727272727273,-45.535
"New","2025-10-01","2025-10-20",69,69,34211.72,"2024-10-01","2024-10-19",41,41,23900.44,68.29268292682927,68.29268292682927,43.142
"Returning","2025-10-01","2025-10-24",36,36,11268.58,"2024-10-01","2024-10-23",57,57,13914.16,-36.8421052631579,-36.8421052631579,-19.013
"Returning","2025-10-01","2025-10-27",34,34,10221.31,"2024-10-01","2024-10-26",50,51,18347.83,-32,-33.333333333333336,-44.291
"Returning","2025-10-01","2025-10-26",29,30,18870.49,"2024-10-01","2024-10-25",65,65,8735.94,-55.38461538461539,-53.84615384615385,116.009
"New","2025-10-01","2025-10-22",88,88,39291.43,"2024-10-01","2024-10-21",65,65,41322.61,35.38461538461539,35.38461538461539,-4.915
"Returning","2025-10-01","2025-10-25",48,49,14755.54,"2024-10-01","2024-10-24",40,42,13862.92,20,16.666666666666668,6.438
"New","2025-10-01","2025-10-03",57,57,28510.39,"2024-10-01","2024-10-02",54,54,36654.11,5.555555555555555,5.555555555555555,-22.217
"New","2025-10-01","2025-10-02",80,80,40856.68,"2024-10-01","2024-10-01",71,71,41828.15,12.67605633802817,12.67605633802817,-2.322
"Returning","2025-10-01","2025-10-07",51,52,17698.92,"2024-10-01","2024-10-06",22,22,8343.76,131.8181818181818,136.36363636363637,112.121
"Returning","2025-10-01","2025-10-28",41,41,15651.39,"2024-10-01","2024-10-27",27,27,8111.82,51.851851851851855,51.851851851851855,92.945
"Returning","2025-10-01","2025-10-06",27,27,9003.56,"2024-10-01","2024-10-05",26,26,9552.37,3.8461538461538463,3.8461538461538463,-5.745
"New","2025-10-01","2025-10-23",75,75,39623.83,"2024-10-01","2024-10-22",61,61,26453.27,22.950819672131146,22.950819672131146,49.788
"New","2025-10-01","2025-10-04",45,45,32792.83,"2024-10-01","2024-10-03",59,59,23531.46,-23.728813559322035,-23.728813559322035,39.357
"New","2025-10-01","2025-10-05",50,50,28249.35,"2024-10-01","2024-10-04",26,26,6588.55,92.3076923076923,92.3076923076923,328.764
"Returning","2025-10-01","2025-10-30",37,39,13192.81,"2024-10-01","2024-10-29",55,55,10167.79,-32.72727272727273,-29.09090909090909,29.751
"Returning","2025-10-01","2025-10-05",22,22,6209.29,"2024-10-01","2024-10-04",36,36,1221.98,-38.888888888888886,-38.888888888888886,408.133
"New","2025-10-01","2025-10-07",77,77,37129.03,"2024-10-01","2024-10-06",41,41,32068.75,87.8048780487805,87.8048780487805,15.779
"New","2025-10-01","2025-10-06",38,38,21054.81,"2024-10-01","2024-10-05",29,29,29467.38,31.03448275862069,31.03448275862069,-28.548
"Returning","2025-10-01","2025-10-31",43,43,13693.9,"2024-10-01","2024-10-30",41,41,11438.55,4.878048780487805,4.878048780487805,19.717
"Returning","2025-10-01","2025-10-04",22,22,8620.97,"2024-10-01","2024-10-03",50,51,7690.43,-56,-56.86274509803921,12.099
"New","2025-10-01","2025-10-18",65,65,37051.73,"2024-10-01","2024-10-17",50,50,36443.99,30,30,1.667
"New","2025-10-01","2025-10-19",53,53,27098,"2024-10-01","2024-10-18",53,53,33101.1,0,0,-18.135
"New","2025-10-01","2025-10-17",64,64,43217.43,"2024-10-01","2024-10-16",41,41,28891.86,56.09756097560975,56.09756097560975,49.583
"New","2025-10-01","2025-10-16",97,97,33355.62,"2024-10-01","2024-10-15",51,51,36906.49,90.19607843137256,90.19607843137256,-9.621
"New","2025-10-01","2025-10-11",54,54,31203.6,"2024-10-01","2024-10-10",53,53,25449.96,1.8867924528301887,1.8867924528301887,22.607
"New","2025-10-01","2025-10-10",61,61,32583.55,"2024-10-01","2024-10-09",40,40,20305.32,52.5,52.5,60.468
"New","2025-10-01","2025-10-08",92,92,33035.93,"2024-10-01","2024-10-07",46,46,27879.59,100,100,18.495
"New","2025-10-01","2025-10-09",42,42,16354.23,"2024-10-01","2024-10-08",54,54,27646.56,-22.22222222222222,-22.22222222222222,-40.845
"New","2025-10-01","2025-10-29",72,72,45274.02,"2024-10-01","2024-10-28",58,58,34803.86,24.137931034482758,24.137931034482758,30.083
"New","2025-10-01","2025-10-28",70,70,46621.34,"2024-10-01","2024-10-27",42,42,24999.9,66.66666666666667,66.66666666666667,86.486
"Returning","2025-10-01","2025-10-13",55,56,27142.53,"2024-10-01","2024-10-12",69,70,11666.83,-20.28985507246377,-20,132.647
"New","2025-10-01","2025-10-30",69,69,37581.84,"2024-10-01","2024-10-29",53,53,34834.78,30.18867924528302,30.18867924528302,7.885
"Returning","2025-10-01","2025-10-22",37,37,11598.58,"2024-10-01","2024-10-21",35,36,13677.42,5.714285714285714,2.7777777777777777,-15.199
"New","2025-10-01","2025-10-31",62,62,26947.48,"2024-10-01","2024-10-30",62,62,40689.74,0,0,-33.773
"Returning","2025-10-01","2025-10-12",29,29,14873.49,"2024-10-01","2024-10-11",53,54,11922.34,-45.283018867924525,-46.2962962962963,24.753
"Returning","2025-10-01","2025-10-23",51,52,13395.78,"2024-10-01","2024-10-22",48,49,11240.2,6.25,6.122448979591836,19.177
"Returning","2025-10-01","2025-10-20",29,30,9954.49,"2024-10-01","2024-10-19",30,30,12316.26,-3.3333333333333335,0,-19.176
"Returning","2025-10-01","2025-10-15",44,44,8329.14,"2024-10-01","2024-10-14",43,44,15353.16,2.3255813953488373,0,-45.749
"Returning","2025-10-01","2025-10-21",50,53,16648.44,"2024-10-01","2024-10-20",27,27,7167.42,85.18518518518519,96.29629629629629,132.279
"Returning","2025-10-01","2025-10-14",49,50,15887.56,"2024-10-01","2024-10-13",35,38,14506.59,40,31.57894736842105,9.519
"New","2025-10-01","2025-10-25",60,60,33476.93,"2024-10-01","2024-10-24",57,57,34261.48,5.2631578947368425,5.2631578947368425,-2.289
"New","2025-10-01","2025-10-24",72,72,44698.27,"2024-10-01","2024-10-23",61,61,29134.46,18.0327868852459,18.0327868852459,53.42
"New","2025-10-01","2025-10-13",66,66,34029.94,"2024-10-01","2024-10-12",33,33,23470.42,100,100,44.99
"New","2025-10-01","2025-10-27",73,73,29948.91,"2024-10-01","2024-10-26",67,67,29264.79,8.955223880597014,8.955223880597014,2.337
"Returning","2025-10-01","2025-10-08",49,53,13341.64,"2024-10-01","2024-10-07",51,51,8862.77,-3.9215686274509802,3.9215686274509802,50.535
"Returning","2025-10-01","2025-10-19",20,21,5297.52,"2024-10-01","2024-10-18",43,45,6780.98,-53.48837209302326,-53.333333333333336,-21.876
"Returning","2025-10-01","2025-10-09",31,31,9290.85,"2024-10-01","2024-10-08",59,59,10328.17,-47.45762711864407,-47.45762711864407,-10.043
"Returning","2025-10-01","2025-10-18",40,40,15925.61,"2024-10-01","2024-10-17",42,43,7024.26,-4.761904761904762,-6.976744186046512,126.722
"Returning","2025-10-01","2025-10-17",28,29,11796.79,"2024-10-01","2024-10-16",35,36,7771.65,-20,-19.444444444444443,51.792
"Returning","2025-10-01","2025-10-10",38,38,9492.61,"2024-10-01","2024-10-09",40,40,8610.57,-5,-5,10.243
"New","2025-10-01","2025-10-15",81,81,29596.79,"2024-10-01","2024-10-14",55,55,35618.87,47.27272727272727,47.27272727272727,-16.906
"Returning","2025-10-01","2025-10-16",44,46,12738.69,"2024-10-01","2024-10-15",61,61,13252.27,-27.868852459016395,-24.59016393442623,-3.875
"Returning","2025-10-01","2025-10-11",32,32,10275.1,"2024-10-01","2024-10-10",37,38,12613.81,-13.513513513513514,-15.789473684210526,-18.54
"New","2025-10-01","2025-10-14",77,77,48810.48,"2024-10-01","2024-10-13",39,39,26585.79,97.43589743589743,97.43589743589743,83.596
"New","2025-10-01","2025-10-12",77,77,29586.62,"2024-10-01","2024-10-11",57,57,30619.35,35.08771929824562,35.08771929824562,-3.372
"Returning","2025-10-01","2025-10-29",41,41,17705.47,"2024-10-01","2024-10-28",41,41,12607.67,0,0,40.434
"New","2025-11-01","2025-11-01",63,63,45707.23,"2024-10-01","2024-10-31",41,41,31003.37,53.65853658536585,53.65853658536585,47.426
"Returning","2025-11-01","2025-11-01",43,46,28322.38,"2024-10-01","2024-10-31",27,28,9522.25,59.25925925925926,64.28571428571429,197.433
"Returning","2025-11-01","2025-11-21",118,120,68697.15,"2024-11-01","2024-11-20",91,95,34170.21,29.67032967032967,26.31578947368421,101.043
"Returning","2025-11-01","2025-11-13",132,135,68532.37,"2024-11-01","2024-11-12",115,115,39948.99,14.782608695652174,17.391304347826086,71.549
"Returning","2025-11-01","2025-11-23",103,103,64343.06,"2024-11-01","2024-11-22",137,138,61932.42,-24.817518248175183,-25.36231884057971,3.892
"New","2025-11-01","2025-11-27",369,369,236313.23,"2024-11-01","2024-11-26",261,261,153958.73,41.37931034482759,41.37931034482759,53.491
"New","2025-11-01","2025-11-28",1374,1374,876721.64,"2024-11-01","2024-11-27",278,278,185734.12,394.24460431654677,394.24460431654677,372.03
"Returning","2025-11-01","2025-11-24",142,145,75387.29,"2024-11-01","2024-11-23",128,130,46233.29,10.9375,11.538461538461538,63.058
"Returning","2025-11-01","2025-11-07",41,42,18743.22,"2024-11-01","2024-11-06",50,51,19976.67,-18,-17.647058823529413,-6.174
"Returning","2025-11-01","2025-11-08",40,40,18741.27,"2024-11-01","2024-11-07",78,79,23131.48,-48.717948717948715,-49.36708860759494,-18.979
"Returning","2025-11-01","2025-11-05",39,40,14045.76,"2024-11-01","2024-11-04",35,35,5827.39,11.428571428571429,14.285714285714286,141.03
"New","2025-11-01","2025-11-06",81,81,45733.83,"2024-11-01","2024-11-05",51,51,24444.52,58.8235294117647,58.8235294117647,87.092
"New","2025-11-01","2025-11-05",72,72,38024.41,"2024-11-01","2024-11-04",67,67,34574.74,7.462686567164179,7.462686567164179,9.977
"Returning","2025-11-01","2025-11-06",46,46,13802.3,"2024-11-01","2024-11-05",46,47,12391.74,0,-2.127659574468085,11.383
"New","2025-11-01","2025-11-07",79,79,47042.31,"2024-11-01","2024-11-06",60,60,41507.56,31.666666666666668,31.666666666666668,13.334
"New","2025-11-01","2025-11-08",74,74,48518.84,"2024-11-01","2024-11-07",97,97,71207.76,-23.711340206185568,-23.711340206185568,-31.862
"Returning","2025-11-01","2025-11-18",122,126,67164.15,"2024-11-01","2024-11-17",85,86,39093.02,43.529411764705884,46.51162790697674,71.805
"New","2025-11-01","2025-11-25",257,257,149778.49,"2024-11-01","2024-11-24",262,262,168894.15,-1.9083969465648856,-1.9083969465648856,-11.318
"Returning","2025-11-01","2025-11-20",98,102,45688.04,"2024-11-01","2024-11-19",92,94,30074.04,6.521739130434782,8.51063829787234,51.918
"Returning","2025-11-01","2025-11-19",106,109,43553.36,"2024-11-01","2024-11-18",82,82,41977.07,29.26829268292683,32.926829268292686,3.755
"New","2025-11-01","2025-11-02",75,75,48541.33,"2024-11-01","2024-11-01",69,69,34206.84,8.695652173913043,8.695652173913043,41.905
"New","2025-11-01","2025-11-26",334,334,204744.89,"2024-11-01","2024-11-25",272,272,159369.75,22.794117647058822,22.794117647058822,28.471
"New","2025-11-01","2025-11-03",76,76,41492,"2024-11-01","2024-11-02",58,58,45072.77,31.03448275862069,31.03448275862069,-7.944
"New","2025-11-01","2025-11-04",77,77,23157.55,"2024-11-01","2024-11-03",64,64,57724.47,20.3125,20.3125,-59.882
"Returning","2025-11-01","2025-11-04",44,47,11095.05,"2024-11-01","2024-11-03",27,28,13468.53,62.96296296296296,67.85714285714286,-17.622
"Returning","2025-11-01","2025-11-03",42,42,6324.38,"2024-11-01","2024-11-02",33,33,12349.23,27.272727272727273,27.272727272727273,-48.787
"Returning","2025-11-01","2025-11-02",39,40,13115.94,"2024-11-01","2024-11-01",53,53,15324.98,-26.41509433962264,-24.528301886792452,-14.414
"New","2025-11-01","2025-11-30",508,508,322418.92,"2024-11-01","2024-11-29",1208,1208,805196.67,-57.94701986754967,-57.94701986754967,-59.957
"New","2025-11-01","2025-11-29",716,716,467481.05,"2024-11-01","2024-11-28",345,345,229737.35,107.53623188405797,107.53623188405797,103.485
"Returning","2025-11-01","2025-11-22",106,106,56414.61,"2024-11-01","2024-11-21",103,104,47534.98,2.912621359223301,1.9230769230769231,18.68
"Returning","2025-11-01","2025-11-10",41,41,11129.18,"2024-11-01","2024-11-09",102,103,47335.3,-59.80392156862745,-60.19417475728155,-76.488
"Returning","2025-11-01","2025-11-09",27,27,15326.33,"2024-11-01","2024-11-08",187,194,89661.72,-85.56149732620321,-86.08247422680412,-82.906
"New","2025-11-01","2025-11-15",231,231,159617.58,"2024-11-01","2024-11-14",173,173,99005.98,33.52601156069364,33.52601156069364,61.22
"New","2025-11-01","2025-11-16",259,259,160585.46,"2024-11-01","2024-11-15",177,177,105982.09,46.32768361581921,46.32768361581921,51.521
"New","2025-11-01","2025-11-14",253,253,148844.09,"2024-11-01","2024-11-13",162,162,96784.1,56.17283950617284,56.17283950617284,53.789
"Returning","2025-11-01","2025-11-12",46,49,12472.56,"2024-11-01","2024-11-11",100,102,41960.29,-54,-51.96078431372549,-70.275
"New","2025-11-01","2025-11-13",197,197,122232.47,"2024-11-01","2024-11-12",190,190,111097.62,3.6842105263157894,3.6842105263157894,10.022
"Returning","2025-11-01","2025-11-11",37,37,10055.6,"2024-11-01","2024-11-10",104,105,45434.71,-64.42307692307692,-64.76190476190476,-77.868
"Returning","2025-11-01","2025-11-28",438,449,267916.2,"2024-11-01","2024-11-27",117,121,67260.95,274.35897435897436,271.07438016528926,298.323
"Returning","2025-11-01","2025-11-27",130,132,63873.43,"2024-11-01","2024-11-26",112,113,44571.85,16.071428571428573,16.8141592920354,43.304
"Returning","2025-11-01","2025-11-26",166,172,101000.92,"2024-11-01","2024-11-25",108,109,59887.56,53.7037037037037,57.79816513761468,68.65
"New","2025-11-01","2025-11-19",208,208,119544.8,"2024-11-01","2024-11-18",205,205,138677.61,1.4634146341463414,1.4634146341463414,-13.796
"New","2025-11-01","2025-11-20",237,237,136972.32,"2024-11-01","2024-11-19",202,202,118217.2,17.326732673267326,17.326732673267326,15.864
"New","2025-11-01","2025-11-18",248,248,124692.2,"2024-11-01","2024-11-17",177,177,107715.32,40.112994350282484,40.112994350282484,15.76
"Returning","2025-11-01","2025-11-25",131,132,58923.92,"2024-11-01","2024-11-24",89,95,36885.52,47.19101123595506,38.94736842105263,59.748
"New","2025-11-01","2025-11-17",235,235,143209.49,"2024-11-01","2024-11-16",164,164,104405.42,43.292682926829265,43.292682926829265,37.166
"Returning","2025-11-01","2025-11-30",193,199,113994.43,"2024-11-01","2024-11-29",364,380,198353.06,-46.97802197802198,-47.63157894736842,-42.529
"Returning","2025-11-01","2025-11-14",121,128,76833.14,"2024-11-01","2024-11-13",110,112,51327.36,10,14.285714285714286,49.692
"Returning","2025-11-01","2025-11-15",108,109,56810.2,"2024-11-01","2024-11-14",98,99,37766.31,10.204081632653061,10.1010101010101,50.425
"New","2025-11-01","2025-11-23",269,269,157368.34,"2024-11-01","2024-11-22",279,279,168622.4,-3.5842293906810037,-3.5842293906810037,-6.674
"New","2025-11-01","2025-11-24",286,286,181572.4,"2024-11-01","2024-11-23",220,220,133057.88,30,30,36.461
"Returning","2025-11-01","2025-11-16",104,107,56096.45,"2024-11-01","2024-11-15",93,93,26777.63,11.827956989247312,15.053763440860216,109.489
"New","2025-11-01","2025-11-22",254,254,152089.98,"2024-11-01","2024-11-21",204,204,120603.8,24.50980392156863,24.50980392156863,26.107
"New","2025-11-01","2025-11-21",254,254,143829.24,"2024-11-01","2024-11-20",179,179,127454.44,41.899441340782126,41.899441340782126,12.847
"New","2025-11-01","2025-11-11",86,86,52740.97,"2024-11-01","2024-11-10",218,218,145016.71,-60.55045871559633,-60.55045871559633,-63.631
"Returning","2025-11-01","2025-11-29",222,223,113110.94,"2024-11-01","2024-11-28",112,114,55147.48,98.21428571428571,95.6140350877193,105.106
"New","2025-11-01","2025-11-12",85,85,44416.08,"2024-11-01","2024-11-11",195,195,136790.29,-56.41025641025641,-56.41025641025641,-67.529
"New","2025-11-01","2025-11-10",85,85,41315.18,"2024-11-01","2024-11-09",206,206,147298,-58.737864077669904,-58.737864077669904,-71.951
"New","2025-11-01","2025-11-09",72,72,48910.21,"2024-11-01","2024-11-08",283,283,197443.34,-74.5583038869258,-74.5583038869258,-75.228
"Returning","2025-11-01","2025-11-17",109,111,45525.6,"2024-11-01","2024-11-16",80,84,36180.95,36.25,32.142857142857146,25.827
"New",,,0,0,0,"2024-11-01","2024-11-30",643,643,453051.97,-100,-100,-100
"Returning",,,0,0,0,"2024-11-01","2024-11-30",256,269,105131.67,-100,-100,-100
