"Day","Orders","Gross sales","Discounts","Returns","Net sales","Shipping charges","Duties","Additional fees","Taxes","Total sales","New customers","Returning customers","Day (previous_year)","Orders (previous_year)","Gross sales (previous_year)","Discounts (previous_year)","Returns (previous_year)","Net sales (previous_year)","Shipping charges (previous_year)","Duties (previous_year)","Additional fees (previous_year)","Taxes (previous_year)","Total sales (previous_year)","New customers (previous_year)","Returning customers (previous_year)","Orders (previous_year) ","Gross sales (previous_year) ","Discounts (previous_year) ","Returns (previous_year) ","Net sales (previous_year) ","Shipping charges (previous_year) ","Duties (previous_year) ","Additional fees (previous_year) ","Taxes (previous_year) ","Total sales (previous_year) ","New customers (previous_year) ","Returning customers (previous_year) "
"2025-01-01",575,399740.29,-49764.84,0,349975.45,650,0,0,25404.15,376029.6,421,150,"2024-01-01",401,278125.53,-15441.16,-1100.75,261583.62,1842,0,0,19085.03,282510.65,297,102,43.39152119700748,43.726,-222.286,100,33.791,-64.712,,,33.11,33.102,41.75084175084175,47.05882352941177
"2025-01-02",420,234462.2,-30987.82,-50328.39,153145.99,152,0,0,11382.95,164680.94,274,143,"2024-01-02",277,173195.93,-8146.77,-30781.16,134268,63,0,0,9150.14,143481.14,198,71,51.624548736462096,35.373,-280.369,-63.503,14.059,141.269,,,24.401,14.775,38.38383838383838,101.40845070422536
"2025-01-03",308,180382.26,-19648.36,-740.2,159993.7,100,0,0,11356.35,171450.05,203,103,"2024-01-03",244,151772.41,-12028.06,-6647.45,133096.9,18,0,0,9781.66,142896.56,166,77,26.229508196721312,18.85,-63.354,88.864,20.208,455.555,,,16.098,19.981,22.289156626506024,33.76623376623377
"2025-01-04",209,127154.05,-8566.78,-22011.45,96575.82,99,0,0,7740.78,104415.6,139,69,"2024-01-04",215,103286.91,-8060.22,-14167.24,81059.45,52,0,0,5803.96,86915.41,151,64,-2.7906976744186047,23.107,-6.284,-55.368,19.141,90.384,,,33.37,20.134,-7.947019867549669,7.8125
"2025-01-05",204,124488.28,-6771.39,-82.37,117634.52,45,0,0,8252.44,125931.96,144,60,"2024-01-05",212,103795.21,-7372.65,-27474.1,68948.46,18,0,0,4864.97,73831.43,143,69,-3.7735849056603774,19.936,8.155,99.7,70.612,150,,,69.629,70.566,0.6993006993006993,-13.043478260869565
"2025-01-06",247,136888.79,-6109.57,-4987.98,125791.24,127,0,0,9520.11,135438.35,160,86,"2024-01-06",177,105792.24,-5514.7,-11398.24,88879.3,1053,0,0,6070,96002.3,132,44,39.548022598870055,29.393,-10.786,56.239,41.53,-87.939,,,56.838,41.078,21.21212121212121,95.45454545454545
"2025-01-07",251,128927.03,-8020.85,-7441.98,113464.2,90,0,0,8348.73,121902.93,153,96,"2024-01-07",186,111590.87,-4494.84,-1301.64,105794.39,1129,0,0,6874.08,113797.47,126,60,34.946236559139784,15.535,-78.445,-471.738,7.249,-92.028,,,21.452,7.122,21.428571428571427,60
"2025-01-08",200,103290.4,-6603.16,-41395.61,55291.63,75,0,0,4377.57,59744.2,124,75,"2024-01-08",178,107621.65,-5355.02,-5111.4,97155.23,64,0,0,6843.53,104062.76,115,63,12.359550561797754,-4.024,-23.307,-709.868,-43.089,17.187,,,-36.033,-42.588,7.826086956521739,19.047619047619047
"2025-01-09",183,109413.16,-5665.15,-30170.96,73577.05,64,0,0,5323.88,78964.93,113,67,"2024-01-09",221,109246.49,-5420.91,-15344.37,88481.21,210,0,0,6346.19,95037.4,136,82,-17.194570135746606,0.152,-4.505,-96.625,-16.844,-69.523,,,-16.109,-16.911,-16.91176470588235,-18.29268292682927
"2025-01-10",186,106378.25,-7641.11,-36460.36,62276.78,1019.1,0,0,4537.11,67832.99,114,72,"2024-01-10",181,117153.47,-10464.01,-18349.69,88339.77,1867,0,0,6838.94,97045.71,119,61,2.7624309392265194,-9.197,26.977,-98.697,-29.503,-45.415,,,-33.657,-30.102,-4.201680672268908,18.0327868852459
"2025-01-11",170,100029.97,-6403.89,-8200.08,85426,953,0,0,6355.88,92734.88,107,63,"2024-01-11",170,90741.79,-5840.58,-8497.3,76403.91,28.63,0,0,5507.74,81940.28,113,56,0,10.235,-9.644,3.497,11.808,3228.676,,,15.399,13.173,-5.3097345132743365,12.5
"2025-01-12",198,106371.29,-5531.07,-2172.57,98667.65,45,0,0,7526.96,106239.61,121,76,"2024-01-12",163,69995.77,-5056.47,-43977.49,20961.81,159,0,0,1383.15,22503.96,95,68,21.47239263803681,51.968,-9.385,95.059,370.701,-71.698,,,444.189,372.092,27.36842105263158,11.764705882352942
"2025-01-13",188,106892.58,-7899.15,-41916.15,57077.28,18,0,0,4359.4,61454.68,122,64,"2024-01-13",156,97071.27,-5114.74,-5644.13,86312.4,75,0,0,6029.37,92416.77,99,56,20.512820512820515,10.117,-54.438,-642.65,-33.871,-76,,,-27.697,-33.502,23.232323232323232,14.285714285714286
"2025-01-14",169,99882.97,-5441.02,-13000.82,81441.13,36,0,0,6069.66,87546.79,118,50,"2024-01-14",174,120972.07,-6578.2,-9202.75,105191.12,876,0,0,7358.22,113425.34,110,61,-2.8735632183908044,-17.433,17.287,-41.271,-22.577,-95.89,,,-17.511,-22.815,7.2727272727272725,-18.0327868852459
"2025-01-15",192,90688.64,-3379.22,-21721.41,65588.01,45,0,0,4854.6,70487.61,106,85,"2024-01-15",197,131415.99,-6568.34,0,124847.65,63,0,0,8933.67,133844.32,148,48,-2.5380710659898478,-30.991,48.552,,-47.465,-28.571,,,-45.659,-47.336,-28.37837837837838,77.08333333333333
"2025-01-16",186,107040.49,-5948.55,-1210.64,99881.3,1179.5,0,0,7512.9,108573.7,106,80,"2024-01-16",180,105473.78,-7462.6,-20747.36,77263.82,63,0,0,5947.76,83274.58,123,56,3.3333333333333335,1.485,20.288,94.164,29.273,1772.222,,,26.314,30.38,-13.821138211382113,42.857142857142854
"2025-01-17",223,132083.86,-9245.25,-37380.35,85458.26,1442,0,0,6948.58,93848.84,122,97,"2024-01-17",173,105922.25,-5370.69,-1444.4,99107.16,1074,0,0,6864.37,107045.53,120,53,28.90173410404624,24.698,-72.142,-2487.95,-13.771,34.264,,,1.226,-12.328,1.6666666666666667,83.01886792452831
"2025-01-18",175,92007.55,-5566.92,-43492.69,42947.94,963,0,0,3172.02,47082.96,101,73,"2024-01-18",183,102563.96,-9071.63,-56979.52,36512.81,18,0,0,3191.52,39722.33,118,64,-4.371584699453552,-10.292,38.633,23.669,17.624,5250,,,-0.61,18.53,-14.40677966101695,14.0625
"2025-01-19",219,121819.93,-6811.28,-23057.38,91951.27,917,0,0,6925.17,99793.44,142,77,"2024-01-19",234,119045.97,-6777.12,-50394.55,61874.3,9,0,0,4479.82,66363.12,167,64,-6.410256410256411,2.33,-0.504,54.246,48.609,10088.888,,,54.585,50.374,-14.970059880239521,20.3125
"2025-01-20",198,117624.6,-5400.7,-516.8,111707.1,27,0,0,7984.6,119718.7,137,59,"2024-01-20",167,114118.38,-6265.27,-2932,104921.11,82,0,0,7501.3,112504.41,118,49,18.562874251497007,3.072,13.799,82.373,6.467,-67.073,,,6.442,6.412,16.10169491525424,20.408163265306122
"2025-01-21",194,109977.61,-5689.29,-3305.42,100982.9,944,0,0,7439.89,109366.79,115,79,"2024-01-21",214,131515.55,-5947.72,-3800.15,121767.68,18,0,0,8415.96,130201.64,165,48,-9.345794392523365,-16.376,4.345,13.018,-17.069,5144.444,,,-11.597,-16.001,-30.303030303030305,64.58333333333333
"2025-01-22",208,93214.37,-5490.97,-17360.51,70362.89,45,0,0,5472.57,75880.46,116,91,"2024-01-22",157,86342.55,-5487.45,-4104.21,76750.89,469.5,0,0,5329.48,82549.87,99,54,32.48407643312102,7.958,-0.064,-322.992,-8.323,-90.415,,,2.684,-8.079,17.171717171717173,68.51851851851852
"2025-01-23",234,112460.79,-4146.65,-26659.98,81654.16,63,0,0,6080.35,87797.51,157,77,"2024-01-23",180,97602.66,-4975.77,-28578.18,64048.71,-415.5,0,0,4853.85,68487.06,116,63,30,15.223,16.663,6.712,27.487,115.162,,,25.268,28.195,35.3448275862069,22.22222222222222
"2025-01-24",224,105409.82,-8245.11,-449,96715.71,63,0,0,6996.9,103775.61,136,87,"2024-01-24",174,88410.02,-6264.9,-8338.7,73806.42,36,0,0,5216.68,79059.1,112,62,28.735632183908045,19.228,-31.608,94.615,31.039,75,,,34.125,31.263,21.428571428571427,40.32258064516129
"2025-01-25",221,105680,-6030.07,-34472.63,65177.3,63,0,0,5085.13,70325.43,128,92,"2024-01-25",190,103141.52,-5709.25,-18895.6,78536.67,27,0,0,5055.88,83619.55,127,63,16.31578947368421,2.461,-5.619,-82.437,-17.01,133.333,,,0.578,-15.898,0.7874015748031497,46.03174603174603
"2025-01-26",172,102949.94,-5288.58,-1100.14,96561.22,63,0,0,6936.32,103560.54,118,53,"2024-01-26",170,98800.56,-6581.42,-47089.9,45129.24,66,0,0,3304.35,48499.59,112,56,1.1764705882352942,4.199,19.643,97.663,113.965,-4.545,,,109.914,113.528,5.357142857142857,-5.357142857142857
"2025-01-27",183,88128.37,-4356.61,-449,83322.76,99,0,0,6121.26,89543.02,109,74,"2024-01-27",150,93130.15,-5113.89,-5456.6,82559.66,83.59,0,0,4863.39,87506.64,109,41,22,-5.37,14.808,91.771,0.924,18.435,,,25.864,2.327,0,80.48780487804878
"2025-01-28",213,104193.1,-6298.39,-27395.05,70499.66,54,0,0,5790.86,76344.52,121,89,"2024-01-28",150,97362.11,-5918.79,-2928.3,88515.02,54,0,0,6096.26,94665.28,100,49,42,7.016,-6.413,-835.527,-20.352,0,,,-5.009,-19.353,21,81.63265306122449
"2025-01-29",200,95747.91,-4982.01,-14243.74,76522.16,36,0,0,5898.36,82456.52,119,81,"2024-01-29",213,118642.21,-6826.71,-8980.91,102834.59,91,0,0,7526.21,110451.8,143,67,-6.103286384976526,-19.296,27.021,-58.6,-25.587,-60.439,,,-21.629,-25.346,-16.783216783216783,20.895522388059703
"2025-01-30",194,85517.96,-4572.83,-14869.19,66075.94,90,0,0,4867.89,71033.83,109,85,"2024-01-30",174,92172.75,-6057.66,-12613.61,73501.48,-1.41,0,0,5460.33,78960.4,114,59,11.494252873563218,-7.219,24.511,-17.882,-10.102,6482.978,,,-10.849,-10.038,-4.385964912280702,44.067796610169495
"2025-01-31",185,95072.48,-8278.83,-56348.07,30445.58,72,0,0,3344.84,33862.42,100,84,"2024-01-31",184,108157.86,-8308.71,-9897.22,89951.93,36,0,0,6730.4,96718.33,120,62,0.5434782608695652,-12.098,0.359,-469.332,-66.153,100,,,-50.302,-64.988,-16.666666666666668,35.483870967741936
"2025-02-01",167,92291.95,-4203.21,-6549.57,81539.17,36,0,0,5760.77,87335.94,96,70,"2024-02-01",207,115368.51,-8109.84,-29021.84,78236.83,1035,0,0,5459.91,84731.74,127,79,-19.32367149758454,-20.002,48.171,77.432,4.22,-96.521,,,5.51,3.073,-24.409448818897637,-11.39240506329114
"2025-02-02",197,100998.7,-4935.2,-6181,89882.5,63,0,0,6545.1,96490.6,124,72,"2024-02-02",190,105790.14,-7176.29,-34678.73,63935.12,125.75,0,0,4237.41,68298.28,119,68,3.6842105263157894,-4.529,31.229,82.176,40.583,-49.9,,,54.459,41.278,4.201680672268908,5.882352941176471
"2025-02-03",182,94994,-6573.49,-15713.79,72706.72,120,0,0,5686.06,78512.78,110,67,"2024-02-03",130,89804.7,-5376.14,-13914.69,70513.87,45,0,0,4832.71,75391.58,100,30,40,5.778,-22.271,-12.929,3.109,166.666,,,17.657,4.139,10,123.33333333333333
"2025-02-04",167,92812.69,-6577.3,-5751.72,80483.67,109,0,0,6265.29,86857.96,110,56,"2024-02-04",161,97929.8,-6510.01,-4949.25,86470.54,146,0,0,6190.86,92807.4,115,45,3.7267080745341614,-5.225,-1.033,-16.213,-6.923,-25.342,,,1.202,-6.41,-4.3478260869565215,24.444444444444443
"2025-02-05",159,96617.24,-8009.41,-36448.46,52159.37,963,0,0,4343.72,57466.09,85,72,"2024-02-05",197,117700.1,-5891.35,-22342.71,89466.04,1930,0,0,6753.17,98149.21,128,68,-19.289340101522843,-17.912,-35.952,-63.133,-41.699,-50.103,,,-35.678,-41.45,-33.59375,5.882352941176471
"2025-02-06",204,86229.46,-7538.15,-427.98,78263.33,54,0,0,5775.74,84093.07,122,80,"2024-02-06",172,101626.52,-5328.88,-9698.07,86599.57,1654.88,0,0,6048.56,94303.01,112,60,18.6046511627907,-15.15,-41.458,95.586,-9.626,-96.736,,,-4.51,-10.826,8.928571428571429,33.333333333333336
"2025-02-07",134,65905.44,-4179.97,-21244.31,40481.16,84,0,0,2660.91,43226.07,82,51,"2024-02-07",145,90071.23,-4971.98,-12852.2,72247.05,18,0,0,4803.92,77068.97,101,43,-7.586206896551724,-26.829,15.929,-65.297,-43.968,366.666,,,-44.609,-43.912,-18.81188118811881,18.6046511627907
"2025-02-08",180,79019.02,-5222.02,-8523.24,65273.76,102,0,0,4764.74,70140.5,100,78,"2024-02-08",205,101399.71,-6015.4,-51227.21,44157.1,-521.5,0,0,3006.31,46641.91,124,79,-12.195121951219512,-22.071,13.189,83.361,47.821,119.558,,,58.491,50.38,-19.35483870967742,-1.2658227848101267
"2025-02-09",177,102952.52,-6419.62,-1406.07,95126.83,90,0,0,6996.6,102213.43,128,48,"2024-02-09",188,112151.31,-7909.5,-1496.95,102744.86,200,0,0,7314.61,110259.47,115,71,-5.851063829787234,-8.202,18.836,6.071,-7.414,-55,,,-4.347,-7.297,11.304347826086957,-32.394366197183096
"2025-02-10",174,78867.58,-4051.29,-4994.75,69821.54,45,0,0,5436.74,75303.28,92,80,"2024-02-10",176,101220.99,-6436.77,-19156.28,75627.94,107,0,0,5108.14,80843.08,119,55,-1.1363636363636365,-22.083,37.06,73.926,-7.677,-57.943,,,6.432,-6.852,-22.689075630252102,45.45454545454545
"2025-02-11",180,105743.98,-7169.48,0,98574.5,127,0,0,6991.77,105693.27,132,48,"2024-02-11",145,87364.66,-4651.69,-15089.7,67623.27,36,0,0,4878.55,72537.82,99,46,24.137931034482758,21.037,-54.126,100,45.77,252.777,,,43.316,45.707,33.333333333333336,4.3478260869565215
"2025-02-12",185,101858.69,-5617.19,-13086.68,83154.82,27,0,0,6224.03,89405.85,114,66,"2024-02-12",166,98565.55,-6643.78,-2720,89201.77,207,0,0,6328.07,95736.84,109,57,11.44578313253012,3.341,15.451,-381.127,-6.778,-86.956,,,-1.644,-6.612,4.587155963302752,15.789473684210526
"2025-02-13",171,87246.36,-4507.52,-9658.02,73080.82,27,0,0,5854.3,78962.12,108,62,"2024-02-13",170,103767.26,-4664.07,-14056.82,85046.37,1029,0,0,6129.49,92204.86,113,56,0.5882352941176471,-15.921,3.356,31.292,-14.069,-97.376,,,-4.489,-14.362,-4.424778761061947,10.714285714285714
"2025-02-14",142,88759.13,-8378.46,-39323.51,41057.16,976.07,0,0,3411.18,45444.41,89,51,"2024-02-14",180,90991.37,-6236.95,-1330.46,83423.96,45,0,0,6095.34,89564.3,111,68,-21.11111111111111,-2.453,-34.335,-2855.632,-50.784,2069.044,,,-44.036,-49.26,-19.81981981981982,-25
"2025-02-15",158,61879.63,-3612.46,-12956.86,45310.31,36,0,0,2973.98,48320.29,90,66,"2024-02-15",178,85224.08,-6515.75,-26739.51,51968.82,54,0,0,3797.31,55820.13,109,69,-11.235955056179776,-27.391,44.558,51.544,-12.812,-33.333,,,-21.681,-13.435,-17.431192660550458,-4.3478260869565215
"2025-02-16",157,99755.74,-5747.01,-2552.18,91456.55,926,0,0,7167.2,99549.75,118,38,"2024-02-16",221,130925.71,-11168.13,-5886.35,113871.23,72,0,0,8012.49,121955.72,154,67,-28.959276018099548,-23.807,48.54,56.642,-19.684,1186.111,,,-10.549,-18.372,-23.376623376623378,-43.28358208955224
"2025-02-17",180,113053.17,-5298.81,-2012.18,105742.18,64.5,0,0,7907.6,113714.28,124,56,"2024-02-17",240,142536.24,-10573.01,-2061.8,129901.43,1175,0,0,9042.36,140118.79,160,79,-25,-20.684,49.883,2.406,-18.598,-94.51,,,-12.549,-18.844,-22.5,-29.11392405063291
"2025-02-18",164,80280.58,-5204.94,-11578.51,63497.13,72,0,0,4653.92,68223.05,93,66,"2024-02-18",227,133373.86,-9793.25,-3784.56,119796.05,128,0,0,8859.82,128783.87,165,61,-27.75330396475771,-39.807,46.851,-205.94,-46.995,-43.75,,,-47.471,-47.025,-43.63636363636363,8.19672131147541
"2025-02-19",155,67074.44,-4844.39,-21955.98,40274.07,54,0,0,3305.61,43633.68,91,63,"2024-02-19",303,199536.04,-19037.51,0,180498.53,27,0,0,12757.59,193283.12,224,76,-48.84488448844885,-66.384,74.553,,-77.687,100,,,-74.089,-77.424,-59.375,-17.105263157894736
"2025-02-20",141,75826.4,-3747.35,-3263.35,68815.7,81,0,0,4878.51,73775.21,103,37,"2024-02-20",166,85464.18,-5606.38,-24776.84,55080.96,18,0,0,4521.85,59620.81,105,61,-15.060240963855422,-11.276,33.159,86.829,24.935,350,,,7.887,23.74,-1.9047619047619047,-39.34426229508197
"2025-02-21",178,85858.36,-7806.12,-17302.58,60749.66,27,0,0,4899.99,65676.65,97,80,"2024-02-21",158,88893.93,-4093.68,-4767.65,80032.6,1026,0,0,5933.86,86992.46,103,55,12.658227848101266,-3.414,-90.687,-262.916,-24.093,-97.368,,,-17.423,-24.503,-5.825242718446602,45.45454545454545
"2025-02-22",141,84491.25,-6430.34,-2138.07,75922.84,75,0,0,5573.12,81570.96,89,51,"2024-02-22",149,73360.98,-5002.91,-5935.35,62422.72,18,0,0,4599.03,67039.75,94,55,-5.369127516778524,15.171,-28.531,63.977,21.626,316.666,,,21.18,21.675,-5.319148936170213,-7.2727272727272725
"2025-02-23",122,64978.31,-3902.79,-1085.05,59990.47,90,0,0,4441.92,64522.39,85,37,"2024-02-23",230,96416.72,-8055.43,-20454.01,67907.28,96,0,0,4612.58,72615.86,124,104,-46.95652173913044,-32.606,51.55,94.695,-11.658,-6.25,,,-3.699,-11.145,-31.451612903225808,-64.42307692307692
"2025-02-24",163,86762.75,-4643.57,-2928.98,79190.2,99,0,0,5843.88,85133.08,101,60,"2024-02-24",149,82480.4,-4796.8,-24805.58,52878.02,885,0,0,3979.13,57742.15,97,51,9.395973154362416,5.191,3.194,88.192,49.76,-88.813,,,46.863,47.436,4.123711340206185,17.647058823529413
"2025-02-25",149,69831.64,-4445.08,-26683.18,38703.38,54,0,0,2506.85,41264.23,92,57,"2024-02-25",139,74424,-5063.37,-2878.16,66482.47,1035,0,0,4651.71,72169.18,91,47,7.194244604316546,-6.17,12.211,-827.091,-41.784,-94.782,,,-46.109,-42.822,1.098901098901099,21.27659574468085
"2025-02-26",155,75652.25,-3796.42,-1778,70077.83,111,0,0,5070.83,75259.66,87,68,"2024-02-26",174,102001.04,-9171.14,-1940.65,90889.25,2560.28,0,0,6706.38,100155.91,130,43,-10.919540229885058,-25.831,58.604,8.381,-22.897,-95.664,,,-24.387,-24.857,-33.07692307692308,58.13953488372093
"2025-02-27",137,82385.49,-8983.32,-9781.61,63620.56,1961,0,0,4779.61,70361.17,76,61,"2024-02-27",287,99017.66,-6828.87,-9084.7,83104.09,265,0,0,5998.34,89367.43,205,82,-52.26480836236934,-16.797,-31.549,-7.671,-23.444,640,,,-20.317,-21.267,-62.926829268292686,-25.609756097560975
"2025-02-28",146,69949.61,-3231.5,-2450.24,64267.87,81,0,0,4732.95,69081.82,89,56,"2024-02-28",173,94795.85,-5052.84,-8113.95,81629.06,45,0,0,6104,87778.06,121,49,-15.606936416184972,-26.21,36.045,69.802,-21.268,80,,,-22.461,-21.299,-26.446280991735538,14.285714285714286
"2025-03-01",122,56526.01,-2430.77,-4135.52,49959.72,27,0,0,3503.79,53490.51,70,44,"2024-02-29",179,87578.09,-5777.25,-10770.55,71030.29,233,0,0,5046.05,76309.34,118,61,-31.843575418994412,-35.456,57.925,61.603,-29.664,-88.412,,,-30.563,-29.903,-40.67796610169491,-27.868852459016395
"2025-03-02",127,69065.66,-3638.34,-7011.26,58416.06,36,0,0,3982.84,62434.9,84,43,"2024-03-01",169,81440.77,-6950.51,-2401.95,72088.31,27,0,0,5151.54,77266.85,108,61,-24.85207100591716,-15.195,47.653,-191.898,-18.965,33.333,,,-22.686,-19.195,-22.22222222222222,-29.508196721311474
"2025-03-03",142,72157.87,-5133.61,-1819,65205.26,1035,0,0,5056.35,71296.61,90,52,"2024-03-02",126,87287.73,-4593.19,-2801.77,79892.77,36,0,0,5613.45,85542.22,100,26,12.698412698412698,-17.333,-11.765,35.076,-18.384,2775,,,-9.924,-16.653,-10,100
"2025-03-04",174,89977.53,-5260.52,-15528.44,69188.57,81,0,0,5312.55,74582.12,100,74,"2024-03-03",145,99804.63,-6490.06,-8559.95,84754.62,1038,0,0,6324.96,92117.58,113,32,20,-9.846,18.944,-81.408,-18.366,-92.196,,,-16.006,-19.035,-11.504424778761061,131.25
"2025-03-05",146,74362.85,-4440.11,-4073.03,65849.71,54,0,0,4759.26,70662.97,76,67,"2024-03-04",138,84260,-4939.04,-7954.26,71366.7,57,0,0,5014.07,76437.77,96,40,5.797101449275362,-11.745,10.101,48.794,-7.73,-5.263,,,-5.081,-7.554,-20.833333333333332,67.5
"2025-03-06",123,94408.87,-5885,-12731.73,75792.14,1916,0,0,6025.3,83733.44,71,52,"2024-03-05",161,82884.92,-4125.45,-10935.81,67823.66,203,0,0,4364.03,72390.69,119,41,-23.60248447204969,13.903,-42.651,-16.422,11.748,843.842,,,38.067,15.668,-40.33613445378151,26.829268292682926
"2025-03-07",241,79150.72,-3906.48,-4486.05,70758.19,27,0,0,4844.9,75630.09,99,73,"2024-03-06",160,74656.05,-5291.91,-5796.75,63567.39,170,0,0,4994.75,68732.14,105,55,50.625,6.02,26.18,22.61,11.312,-84.117,,,-3,10.035,-5.714285714285714,32.72727272727273
"2025-03-08",137,79867.08,-3011.42,-5741.08,71114.58,9,0,0,5589.38,76712.96,84,53,"2024-03-07",112,64687.7,-4481.5,-13601.19,46605.01,27,0,0,3765.27,50397.28,73,38,22.321428571428573,23.465,32.803,57.789,52.589,-66.666,,,48.445,52.216,15.068493150684931,39.473684210526315
"2025-03-09",141,90164.83,-4385.85,0,85778.98,67,0,0,6324.44,92170.42,91,48,"2024-03-08",198,90356.79,-4621.92,-22314.09,63420.78,873,0,0,4458.95,68752.73,104,93,-28.78787878787879,-0.212,5.107,100,35.253,-92.325,,,41.836,34.06,-12.5,-48.38709677419355
"2025-03-10",134,73272.22,-4567.91,-11193.96,57510.35,963.75,0,0,4338.51,62812.61,75,59,"2024-03-09",130,81248.22,-6272.62,-17034.01,57941.59,27,0,0,4313.91,62282.5,89,40,3.076923076923077,-9.816,27.177,34.284,-0.744,3469.444,,,0.57,0.851,-15.730337078651685,47.5
"2025-03-11",115,54706.4,-2909.03,0,51797.37,109,0,0,3835.73,55742.1,65,49,"2024-03-10",134,82372.42,-4711.03,-4496.84,73164.55,9,0,0,5012.15,78185.7,90,44,-14.17910447761194,-33.586,38.25,100,-29.204,1111.111,,,-23.471,-28.705,-27.77777777777778,11.363636363636363
"2025-03-12",162,72176.52,-3882.95,-2533.46,65760.11,45,0,0,4501.31,70306.42,71,60,"2024-03-11",119,79168.76,-6150.04,-5161.4,67857.32,9,0,0,4758.57,72624.89,81,36,36.134453781512605,-8.832,36.863,50.915,-3.09,400,,,-5.406,-3.192,-12.345679012345679,66.66666666666667
"2025-03-13",120,54369.7,-2691.15,-17252.69,34425.86,148,0,0,2564.89,37138.75,59,60,"2024-03-12",137,74383.99,-5267.03,-6176.66,62940.3,48,0,0,4725.43,67713.73,85,52,-12.408759124087592,-26.906,48.905,-179.32,-45.303,208.333,,,-45.721,-45.153,-30.58823529411765,15.384615384615385
"2025-03-14",159,83497.26,-3875.28,-4019.16,75602.82,63,0,0,6426.54,82092.36,100,57,"2024-03-13",143,71087.56,-4324.15,-1955.45,64807.96,191,0,0,4162.33,69161.29,97,46,11.188811188811188,17.456,10.38,-105.536,16.656,-67.015,,,54.397,18.696,3.0927835051546393,23.91304347826087
"2025-03-15",111,68135.91,-3262.93,-7163.26,57709.72,45,0,0,4014.14,61768.86,75,36,"2024-03-14",159,80971.48,-5620.41,-2001.69,73349.38,885,0,0,4806.01,79040.39,92,65,-30.18867924528302,-15.851,41.944,-257.86,-21.322,-94.915,,,-16.476,-21.851,-18.47826086956522,-44.61538461538461
"2025-03-16",144,85853.2,-4771.91,-281.05,80800.24,102,0,0,6408.34,87310.58,105,38,"2024-03-15",200,95524.8,-8864.45,-15058.07,71602.28,54,0,0,4940.17,76596.45,126,73,-28,-10.124,46.168,98.133,12.845,88.888,,,29.719,13.987,-16.666666666666668,-47.945205479452056
"2025-03-17",132,72676.59,-3840.78,-3505.31,65330.5,18,0,0,5037.64,70386.14,79,52,"2024-03-16",141,80352.25,-7855.67,-2016.2,70480.38,105,0,0,5209.83,75795.21,104,37,-6.382978723404255,-9.552,51.108,-73.857,-7.306,-82.857,,,-3.305,-7.136,-24.03846153846154,40.54054054054054
"2025-03-18",122,60532.02,-2825.39,-10726.16,46980.47,45,0,0,3380.34,50405.81,73,48,"2024-03-17",318,188603.09,-26296.25,-3117.68,159189.16,161,0,0,10733.38,170083.54,207,107,-61.63522012578616,-67.905,89.255,-244.043,-70.487,-72.049,,,-68.506,-70.364,-64.73429951690821,-55.14018691588785
"2025-03-19",128,73160.01,-4751.3,-8180.58,60228.13,48,0,0,4583.51,64859.64,82,43,"2024-03-18",208,127099.82,-15528.59,-14891.49,96679.74,108.39,0,0,6556.3,103344.43,129,77,-38.46153846153846,-42.438,69.402,45.065,-37.703,-55.715,,,-30.089,-37.239,-36.434108527131784,-44.15584415584416
"2025-03-20",134,66160.59,-3696.99,-2747.01,59716.59,91.79,0,0,4363.22,64171.6,79,55,"2024-03-19",158,107548.86,-6041.92,-20464.44,81042.5,1060,0,0,5868.89,87971.39,110,48,-15.189873417721518,-38.483,38.811,86.576,-26.314,-91.34,,,-25.655,-27.054,-28.181818181818183,14.583333333333334
"2025-03-21",195,95188.13,-10347.52,-7215.31,77625.3,54,0,0,5756.45,83435.75,106,85,"2024-03-20",129,74929.06,-3454.53,-299.6,71174.93,323,0,0,4856.5,76354.43,87,42,51.16279069767442,27.037,-199.534,-2308.314,9.062,-83.281,,,18.53,9.274,21.839080459770116,102.38095238095238
"2025-03-22",265,139183.74,-20703.76,-5187.25,113292.73,72,0,0,7969.27,121334,159,105,"2024-03-21",156,73828.47,-6343.78,-1855.24,65629.45,18,0,0,4930.99,70578.44,102,52,69.87179487179488,88.523,-226.363,-179.599,72.624,300,,,61.616,71.913,55.88235294117647,101.92307692307692
"2025-03-23",424,241372.06,-37096.48,-850.23,203425.35,1921,0,0,15300.86,220647.21,250,171,"2024-03-22",134,64723.43,-3233.28,-23474.02,38016.13,66,0,0,1987.22,40069.35,77,57,216.4179104477612,272.928,-1047.332,96.377,435.102,2810.606,,,669.963,450.663,224.67532467532467,200
"2025-03-24",186,97197.82,-12870.42,-4119.32,80208.08,998,0,0,5778.73,86984.81,105,81,"2024-03-23",129,87572.58,-5150.73,-3474,78947.85,1008,0,0,5461.02,85416.87,90,39,44.18604651162791,10.991,-149.875,-18.575,1.596,-0.992,,,5.817,1.835,16.666666666666668,107.6923076923077
"2025-03-25",154,59843.66,-2374.2,-10313.6,47155.86,90,0,0,3621.95,50867.81,83,69,"2024-03-24",114,84089.88,-3672.2,-3794.43,76623.25,1082,0,0,5417.84,83123.09,71,42,35.08771929824562,-28.833,35.346,-171.808,-38.457,-91.682,,,-33.147,-38.804,16.901408450704224,64.28571428571429
"2025-03-26",111,55068.62,-3317.9,0,51750.72,54,0,0,3689.88,55494.6,68,43,"2024-03-25",109,76242.07,-4159.3,-3654.52,68428.25,1866,0,0,5311.98,75606.23,69,40,1.834862385321101,-27.771,20.229,100,-24.372,-97.106,,,-30.536,-26.6,-1.4492753623188406,7.5
"2025-03-27",168,90667.64,-6424.32,-3997.17,80246.15,1044,0,0,5714.18,87004.33,111,57,"2024-03-26",121,81590.28,-4532.35,-17989.39,59068.54,1939,0,0,3780.43,64787.97,80,39,38.84297520661157,11.125,-41.743,77.78,35.852,-46.157,,,51.151,34.29,38.75,46.15384615384615
"2025-03-28",149,53145.03,-2983.37,-8386.92,41774.74,45,0,0,3538.26,45358,85,63,"2024-03-27",128,69840.63,-5344.29,-2497.4,61998.94,224,0,0,4668.5,66891.44,85,42,16.40625,-23.905,44.176,-235.826,-32.62,-79.91,,,-24.209,-32.191,0,50
"2025-03-29",111,57422.01,-3393.44,-1805.63,52222.94,36,0,0,4128.25,56387.19,74,37,"2024-03-28",123,79596.25,-5264.65,-4113.6,70218,36,0,0,4854.99,75108.99,80,42,-9.75609756097561,-27.858,35.542,56.105,-25.627,0,,,-14.968,-24.926,-7.5,-11.904761904761905
"2025-03-30",114,60128.66,-3315.12,0,56813.54,63,0,0,4148.4,61024.94,78,35,"2024-03-29",132,78908.57,-4520.64,-7379.02,67008.91,45,0,0,4587.05,71640.96,79,53,-13.636363636363637,-23.799,26.667,100,-15.214,40,,,-9.562,-14.818,-1.2658227848101267,-33.9622641509434
"2025-03-31",124,57352.15,-3337.17,-2489.95,51525.03,27,0,0,3564.77,55116.8,73,49,"2024-03-30",134,66956.74,-4996.35,-10776.57,51183.82,36,0,0,3679.47,54899.29,68,62,-7.462686567164179,-14.344,33.207,76.894,0.666,-25,,,-3.117,0.396,7.352941176470588,-20.967741935483872
"2025-04-01",113,53813.3,-2416.45,-4291.86,47104.99,27,0,0,3760.82,50892.81,65,47,"2024-03-31",107,79351.6,-5240.14,-349,73762.46,9,0,0,4844.55,78616.01,80,25,5.607476635514018,-32.183,53.885,-1129.759,-36.139,200,,,-22.37,-35.264,-18.75,88
"2025-04-02",140,72843.03,-3032.26,-13325.35,56485.42,1295,0,0,3022.39,60802.81,79,60,"2024-04-01",110,78492.23,-4016.64,0,74475.59,232,0,0,5209.38,79916.97,80,29,27.272727272727273,-7.197,24.507,,-24.155,458.189,,,-41.981,-23.917,-1.25,106.89655172413794
"2025-04-03",131,76214.13,-3784,-2744.44,69685.69,965,0,0,5207.26,75857.95,89,42,"2024-04-02",138,69159.77,-3566.88,-11928.09,53664.8,197,0,0,3779.1,57640.9,78,60,-5.072463768115942,10.2,-6.087,76.991,29.853,389.847,,,37.791,31.604,14.102564102564102,-30
"2025-04-04",145,62122.01,-2873.64,-4175.44,55072.93,54,0,0,4210.95,59337.88,85,59,"2024-04-03",135,89385.02,-6222.47,-7744.8,75417.75,2691.9,0,0,5626.59,83736.24,89,45,7.407407407407407,-30.5,53.818,46.087,-26.976,-97.993,,,-25.159,-29.137,-4.49438202247191,31.11111111111111
"2025-04-05",110,57890.21,-3163.69,-2052.8,52673.72,27,0,0,4063.86,56764.58,65,44,"2024-04-04",120,83698.17,-6029.45,-5610.95,72057.77,66,0,0,4803.45,76927.22,87,33,-8.333333333333334,-30.834,47.529,63.414,-26.9,-59.09,,,-15.397,-26.21,-25.28735632183908,33.333333333333336
"2025-04-06",108,61882.25,-3252.79,0,58629.46,45,0,0,4242.59,62917.05,74,34,"2024-04-05",161,96527.46,-6211.53,-15494.51,74821.42,1752,0,0,5727.52,82300.94,98,63,-32.91925465838509,-35.891,47.633,100,-21.64,-97.431,,,-25.926,-23.552,-24.489795918367346,-46.03174603174603
"2025-04-07",110,57293.39,-4817.33,-5006.31,47469.75,90,0,0,3612.23,51171.98,63,47,"2024-04-06",126,77468.66,-4595.15,-4314.69,68558.82,18,0,0,4993.35,73570.17,79,47,-12.698412698412698,-26.043,-4.835,-16.029,-30.76,400,,,-27.659,-30.444,-20.253164556962027,0
"2025-04-08",130,62613.22,-3031.15,-17855.86,41726.21,72,0,0,2808.55,44606.76,81,49,"2024-04-07",137,74053.86,-4785.09,-15467.25,53801.52,27,0,0,4007.82,57836.34,84,53,-5.109489051094891,-15.449,36.654,-15.443,-22.444,166.666,,,-29.923,-22.874,-3.5714285714285716,-7.547169811320755
"2025-04-09",111,58599.56,-2182.96,-5572.83,50843.77,36,0,0,4005.55,54885.32,69,40,"2024-04-08",138,87016.61,-4387.46,-3845,78784.15,64,0,0,5710.83,84558.98,92,45,-19.565217391304348,-32.657,50.245,-44.937,-35.464,-43.75,,,-29.86,-35.092,-25,-11.11111111111111
"2025-04-10",118,54665.49,-3995.45,73.5,50743.54,683,0,0,3977.24,55403.78,79,39,"2024-04-09",128,75606.71,-3111.4,-11119.68,61375.63,18,0,0,4426.29,65819.92,82,46,-7.8125,-27.697,-28.413,100.66,-17.322,3694.444,,,-10.145,-15.825,-3.658536585365854,-15.217391304347826
"2025-04-11",108,67514.27,-2606.1,-2021.19,62886.98,927.9,0,0,4809.39,68624.27,74,33,"2024-04-10",146,93960.7,-7573.71,-4575.42,81811.57,9,0,0,5510.31,87330.88,100,43,-26.027397260273972,-28.146,65.59,55.825,-23.131,10210,,,-12.72,-21.42,-26,-23.25581395348837
"2025-04-12",126,62634.63,-4285.36,-2699.33,55649.94,45,0,0,4463.5,60158.44,78,48,"2024-04-11",167,77919.44,-5680.17,-7641.94,64597.33,304,0,0,4525.33,69426.66,88,78,-24.550898203592816,-19.616,24.555,64.677,-13.851,-85.197,,,-1.366,-13.349,-11.363636363636363,-38.46153846153846
"2025-04-13",112,65140.65,-4450.6,-412.2,60277.85,36,0,0,4726.05,65039.9,78,33,"2024-04-12",169,81058.22,-4818.79,-18413.07,57826.36,9,0,0,3783.05,61618.41,85,80,-33.72781065088758,-19.637,7.64,97.761,4.239,300,,,24.926,5.552,-8.235294117647058,-58.75
"2025-04-14",118,55769.49,-4049.51,-6467.15,45252.83,54,0,0,2888.11,48194.94,71,45,"2024-04-13",139,82678.93,-5596.63,-2150.09,74932.21,36,0,0,5126.49,80094.7,79,60,-15.107913669064748,-32.546,27.643,-200.785,-39.608,50,,,-43.663,-39.827,-10.126582278481013,-25
"2025-04-15",112,59779.64,-3737.15,-18513.32,37529.17,81,0,0,2396.97,40007.14,71,41,"2024-04-14",112,77831.12,-5038.44,-9049.92,63742.76,19.38,0,0,4648.85,68410.99,72,39,0,-23.193,25.827,-104.568,-41.124,317.956,,,-48.439,-41.519,-1.3888888888888888,5.128205128205129
"2025-04-16",110,56149.9,-2420.33,-2085.5,51644.07,18,0,0,3628.23,55290.3,71,39,"2024-04-15",125,76806.84,-5080.55,-21650.14,50076.15,18,0,0,4648.71,54742.86,78,47,-12,-26.894,52.36,90.367,3.131,0,,,-21.951,1,-8.974358974358974,-17.02127659574468
"2025-04-17",95,53160.86,-2867.11,-3937.4,46356.35,18,0,0,3411.45,49785.8,66,29,"2024-04-16",113,69446.17,-4603.07,-10010.15,54832.95,45,0,0,4345.51,59223.46,74,38,-15.929203539823009,-23.45,37.713,60.665,-15.458,-60,,,-21.494,-15.935,-10.81081081081081,-23.68421052631579
"2025-04-18",112,56248.52,-3149.88,-1518.51,51580.13,45,0,0,3655.06,55280.19,72,40,"2024-04-17",133,79402.39,-5521.87,-1937.93,71942.59,196,0,0,4699.54,76838.13,82,51,-15.789473684210526,-29.16,42.956,21.642,-28.303,-77.04,,,-22.225,-28.056,-12.195121951219512,-21.568627450980394
"2025-04-19",121,65494.83,-4114.1,-859.07,60521.66,63,0,0,4761.9,65346.56,88,33,"2024-04-18",139,58398.19,-3776.15,-18985.17,35636.87,185,0,0,2558.92,38380.79,68,70,-12.949640287769784,12.152,-8.949,95.475,69.828,-65.945,,,86.09,70.258,29.41176470588235,-52.857142857142854
"2025-04-20",110,77095.53,-3923.32,-4247.81,68924.4,27,0,0,5462.55,74413.95,79,30,"2024-04-19",243,110299.7,-11775.45,-19642.4,78881.85,18,0,0,5620.52,84520.37,122,121,-54.732510288065846,-30.103,66.682,78.374,-12.623,50,,,-2.81,-11.957,-35.24590163934426,-75.20661157024793
"2025-04-21",95,61494.72,-2905.88,-1238,57350.84,54,0,0,4246.9,61651.74,68,27,"2024-04-20",146,100778.55,-9634.32,-3452.95,87691.28,105,0,0,5978.15,93774.43,95,51,-34.93150684931507,-38.98,69.838,64.146,-34.599,-48.571,,,-28.959,-34.255,-28.42105263157895,-47.05882352941177
"2025-04-22",115,56644.61,-3088.94,-16832.07,36723.6,48,0,0,3116.49,39888.09,65,49,"2024-04-21",149,80392.19,-8446.85,-4431.35,67513.99,75,0,0,4834.94,72423.93,94,55,-22.818791946308725,-29.539,63.43,-279.84,-45.605,-36,,,-35.542,-44.924,-30.851063829787233,-10.909090909090908
"2025-04-23",133,54916.16,-3087.91,-3455.28,48372.97,27,0,0,3704.94,52104.91,85,48,"2024-04-22",159,106161.1,-9443.86,-4738.41,91978.83,18,0,0,6521.86,98518.69,119,40,-16.352201257861637,-48.27,67.302,27.079,-47.408,50,,,-43.191,-47.111,-28.571428571428573,20
"2025-04-24",144,65497.47,-2696.35,-3006.05,59795.07,81,0,0,4144.85,64020.92,105,38,"2024-04-23",140,68164.13,-7722.16,-7431.01,53010.96,167,0,0,3581.72,56759.68,78,61,2.857142857142857,-3.912,65.082,59.547,12.797,-51.497,,,15.722,12.792,34.61538461538461,-37.704918032786885
"2025-04-25",124,68438.24,-3139.49,-877.99,64420.76,27,0,0,4669.97,69117.73,80,43,"2024-04-24",180,99041.17,-9102.63,-3884.05,86054.49,72,0,0,6525.12,92651.61,113,66,-31.11111111111111,-30.899,65.51,77.394,-25.139,-62.5,,,-28.43,-25.4,-29.20353982300885,-34.84848484848485
"2025-04-26",108,54602.18,-2186.07,-6878.68,45537.43,54,0,0,3336.56,48927.99,72,36,"2024-04-25",183,89694.63,-9725.77,-5711.8,74257.06,9,0,0,5155.97,79422.03,117,66,-40.98360655737705,-39.124,77.522,-20.429,-38.675,500,,,-35.287,-38.394,-38.46153846153846,-45.45454545454545
"2025-04-27",273,147841.87,-20566.38,-1070.55,126204.94,998,0,0,9766.97,136969.91,180,90,"2024-04-26",197,82359.72,-9736.47,-5078.7,67544.55,36,0,0,5081.58,72662.13,131,65,38.578680203045685,79.507,-111.23,78.92,86.846,2672.222,,,92.203,88.502,37.404580152671755,38.46153846153846
"2025-04-28",261,132249.83,-16442.71,-3553.23,112253.89,1064.14,0,0,8338.12,121656.15,147,111,"2024-04-27",162,87984.28,-8867.5,-1635.35,77481.43,36,0,0,5431.12,82948.55,109,52,61.111111111111114,50.31,-85.426,-117.276,44.878,2855.944,,,53.524,46.664,34.862385321100916,113.46153846153847
"2025-04-29",235,127346.31,-18921.87,-8161.77,100262.67,964.16,0,0,7860.93,109087.76,149,82,"2024-04-28",414,109617.03,-10844.57,-2113.16,96659.3,263,0,0,6902.93,103825.23,290,70,-43.23671497584541,16.173,-74.482,-286.235,3.727,266.6,,,13.878,5.068,-48.62068965517241,17.142857142857142
"2025-04-30",191,104175.87,-11430.87,-2193.93,90551.07,36,0,0,6587.25,97174.32,112,77,"2024-04-29",225,108678.54,-10468.46,-3439.32,94770.76,134,0,0,6801.23,101705.99,150,72,-15.11111111111111,-4.143,-9.193,36.21,-4.452,-73.134,,,-3.146,-4.455,-25.333333333333332,6.944444444444445
"2025-05-01",283,149215.34,-18106.85,-239.55,130868.94,99,0,0,9691.92,140659.86,192,89,"2024-04-30",231,134127.42,-13516.06,-10580.43,110030.93,67.43,0,0,7464.43,117562.79,150,77,22.51082251082251,11.248,-33.965,97.735,18.938,46.818,,,29.841,19.646,28,15.584415584415584
"2025-05-02",263,149312.02,-21303.66,-9556.42,118451.94,189,0,0,9022.35,127663.29,186,75,"2024-05-01",209,99658.79,-10623.87,-5346.74,83688.18,102,0,0,5674.7,89464.88,126,77,25.83732057416268,49.823,-100.526,-78.733,41.539,85.294,,,58.992,42.696,47.61904761904762,-2.5974025974025974
"2025-05-03",216,120900.95,-14022.06,-1638.03,105240.86,36,0,0,7856.9,113133.76,157,57,"2024-05-02",227,118627.33,-13091.18,-13097.58,92438.57,27,0,0,6758.53,99224.1,137,88,-4.845814977973569,1.916,-7.11,87.493,13.849,33.333,,,16.251,14.018,14.598540145985401,-35.22727272727273
"2025-05-04",344,182850.36,-23813.9,-773,158263.46,81,0,0,11538.12,169882.58,229,109,"2024-05-03",306,116925.43,-12775.82,-24801.54,79348.07,45,0,0,5630.84,85023.91,165,128,12.418300653594772,56.382,-86.398,96.883,99.454,80,,,104.909,99.805,38.78787878787879,-14.84375
"2025-05-05",268,144829.24,-14748.76,-5725.24,124355.24,73,0,0,9688.77,134117.01,180,83,"2024-05-04",185,110003.47,-11368.29,-1089.55,97545.63,176,0,0,6898.77,104620.4,124,58,44.86486486486486,31.658,-29.735,-425.468,27.484,-58.522,,,40.441,28.193,45.16129032258065,43.10344827586207
"2025-05-06",192,101253.89,-8370.81,-5206.06,87677.02,90,0,0,6585.08,94352.1,138,54,"2024-05-05",228,142955.7,-14814.71,-1181.25,126959.74,903,0,0,8976.35,136839.09,160,68,-15.789473684210526,-29.171,43.496,-340.724,-30.941,-90.033,,,-26.639,-31.048,-13.75,-20.58823529411765
"2025-05-07",167,78827.32,-3901.95,-9905.36,65020.01,45,0,0,4876.64,69941.65,112,55,"2024-05-06",168,92541.85,-4948.42,-3190.49,84402.94,189,0,0,5741.01,90332.95,92,75,-0.5952380952380952,-14.819,21.147,-210.465,-22.964,-76.19,,,-15.056,-22.573,21.73913043478261,-26.666666666666668
"2025-05-08",145,75354.89,-5109.01,-5113.75,65132.13,63,0,0,5029.45,70224.58,94,48,"2024-05-07",165,85271.67,-5774.34,-3751.74,75745.59,18,0,0,5497.28,81260.87,99,63,-12.121212121212121,-11.629,11.522,-36.303,-14.011,250,,,-8.51,-13.581,-5.05050505050505,-23.80952380952381
"2025-05-09",206,115088.6,-10005.3,-10117.12,94966.18,48,0,0,6296.29,101310.47,136,70,"2024-05-08",180,100889.51,-8425.36,-4219.07,88245.08,0,0,0,6398.98,94644.06,109,71,14.444444444444445,14.073,-18.752,-139.795,7.616,,,,-1.604,7.043,24.770642201834864,-1.408450704225352
"2025-05-10",218,102761.74,-11520.98,-1610.5,89630.26,111,0,0,6711.24,96452.5,133,85,"2024-05-09",254,121620.45,-12708.41,-8102.6,100809.44,54,0,0,7785.36,108648.8,168,84,-14.173228346456693,-15.506,9.343,80.123,-11.089,105.555,,,-13.796,-11.225,-20.833333333333332,1.1904761904761905
"2025-05-11",242,136047.46,-13397.88,-1329.05,121320.53,45,0,0,8891.72,130257.25,164,77,"2024-05-10",188,87784.13,-7884.59,-12603.35,67296.19,0,0,0,4776.8,72072.99,94,94,28.72340425531915,54.979,-69.924,89.454,80.278,,,,86.143,80.729,74.46808510638297,-18.085106382978722
"2025-05-12",145,79786.5,-2858.13,-6429.12,70499.25,36,0,0,5628.28,76163.53,96,48,"2024-05-11",124,72694.98,-4865.88,-799,67030.1,27,0,0,4856,71913.1,82,42,16.93548387096774,9.755,41.261,-704.645,5.175,33.333,,,15.903,5.91,17.073170731707318,14.285714285714286
"2025-05-13",137,69377.51,-4119.58,-30889.01,34368.92,1044,0,0,2798.87,38211.79,92,45,"2024-05-12",152,89897.18,-6788.17,-2706.18,80402.83,178,0,0,5840.72,86421.55,107,45,-9.868421052631579,-22.825,39.312,-1041.424,-57.254,486.516,,,-52.08,-55.784,-14.018691588785046,0
"2025-05-14",123,62798.8,-3153.71,-5515.08,54130.01,848,0,0,4349.49,59327.5,75,48,"2024-05-13",151,89681.79,-7829.07,-2884.07,78968.65,27,0,0,5702.36,84698.01,105,46,-18.543046357615893,-29.975,59.717,-91.225,-31.453,3040.74,,,-23.724,-29.954,-28.571428571428573,4.3478260869565215
"2025-05-15",139,74340.32,-4918.99,-3559.09,65862.24,935,0,0,4735.4,71532.64,88,51,"2024-05-14",166,85006.96,-6647.5,-4948.69,73410.77,0,0,0,5349.44,78760.21,110,55,-16.265060240963855,-12.547,26.002,28.08,-10.282,,,,-11.478,-9.176,-20,-7.2727272727272725
"2025-05-16",138,60154.34,-3492.98,-7336.85,49324.51,90,0,0,3646.07,53060.58,80,56,"2024-05-15",166,79834.85,-7025.75,-2458.25,70350.85,45,0,0,5426.9,75822.75,111,55,-16.867469879518072,-24.651,50.283,-198.458,-29.887,100,,,-32.814,-30.02,-27.92792792792793,1.8181818181818181
"2025-05-17",139,74262.6,-4374.88,-1705.05,68182.67,27,0,0,5206.46,73416.13,100,39,"2024-05-16",135,66296.1,-3844.59,-9181.65,53269.86,-829.44,0,0,4160.42,56600.84,84,49,2.962962962962963,12.016,-13.793,81.429,27.994,103.255,,,25.142,29.708,19.047619047619047,-20.408163265306122
"2025-05-18",123,62729.86,-3804.75,-84.15,58840.96,54,0,0,4320.69,63215.65,86,37,"2024-05-17",198,66604.39,-4805.48,-18484.74,43314.17,125,0,0,3094.18,46533.35,78,119,-37.878787878787875,-5.817,20.824,99.544,35.846,-56.8,,,39.639,35.85,10.256410256410257,-68.90756302521008
"2025-05-19",101,42768.6,-2300.96,-6810.78,33656.86,45,0,0,2397.16,36099.02,71,30,"2024-05-18",133,70146.53,-5105.07,-8069.76,56971.7,36,0,0,4405.71,61413.41,78,54,-24.06015037593985,-39.029,54.927,15.601,-40.923,25,,,-45.589,-41.219,-8.974358974358974,-44.44444444444444
"2025-05-20",207,96035.61,-11206.5,-2375.89,82453.22,72,0,0,6231.52,88756.74,135,72,"2024-05-19",120,60967.66,-5164.02,-5520.69,50282.95,36,0,0,3893.01,54211.96,74,46,72.5,57.518,-117.011,56.963,63.978,100,,,60.069,63.721,82.43243243243244,56.52173913043478
"2025-05-21",315,167398.53,-23147.58,-2030.87,142220.08,81,0,0,10525.55,152826.63,189,124,"2024-05-20",136,63504.16,-4607.27,-4394.6,54502.29,9,0,0,4332.99,58844.28,75,61,131.61764705882354,163.602,-402.414,53.787,160.943,800,,,142.916,159.713,152,103.27868852459017
"2025-05-22",315,156704.27,-23668.38,-17859.09,115176.8,27,0,0,9013.77,124217.57,228,86,"2024-05-21",114,56221.74,-3780.12,-9798.24,42643.38,27,0,0,3289.97,45960.35,57,56,176.31578947368422,178.725,-526.127,-82.268,170.093,0,,,173.977,170.271,300,53.57142857142857
"2025-05-23",321,187828.74,-28557.14,-3578.98,155692.62,790,0,0,11764.56,168247.18,213,106,"2024-05-22",116,60938.42,-2796.46,-3391.78,54750.18,9,0,0,3990.08,58749.26,68,48,176.72413793103448,208.227,-921.188,-5.519,184.369,8677.777,,,194.845,186.381,213.23529411764707,120.83333333333333
"2025-05-24",379,211104.61,-30706.89,-3302.53,177095.19,36,0,0,13521.01,190652.2,254,123,"2024-05-23",225,98911.87,-8450.21,-19112.27,71349.39,373,0,0,4914.71,76637.1,93,130,68.44444444444444,113.426,-263.386,82.72,148.208,-90.348,,,175.113,148.772,173.11827956989248,-5.384615384615385
"2025-05-25",435,243220.22,-34826.81,-1574.13,206819.28,147,0,0,15774.76,222741.04,315,119,"2024-05-24",411,254874.15,-44251.31,-8015.94,202606.9,230,0,0,15014.89,217851.79,259,151,5.839416058394161,-4.572,21.297,80.362,2.079,-36.086,,,5.06,2.244,21.62162162162162,-21.192052980132452
"2025-05-26",641,388444.87,-55994.18,-7129.23,325321.46,81,0,0,24761.88,350164.34,439,196,"2024-05-25",363,239965.01,-40758.25,-13142.25,186064.51,1143.61,0,0,13918.75,201126.87,241,122,76.5840220385675,61.875,-37.381,45.753,74.843,-92.917,,,77.903,74.101,82.15767634854772,60.65573770491803
"2025-05-27",427,253225.17,-38242.02,-7934.3,207048.85,93,0,0,15636.34,222778.19,253,172,"2024-05-26",394,239807.2,-43564.45,-4522.64,191720.11,105,0,0,14951.23,206776.34,239,155,8.375634517766498,5.595,12.217,-75.435,7.995,-11.428,,,4.582,7.738,5.857740585774058,10.96774193548387
"2025-05-28",178,103222.57,-12730.46,-1178.66,89313.45,1061.86,0,0,7176.9,97552.21,119,58,"2024-05-27",777,475450.99,-84294.9,0,391156.09,1013,0,0,29530.54,421699.63,577,194,-77.0913770913771,-78.289,84.897,,-77.166,4.823,,,-75.696,-76.866,-79.37608318890814,-70.10309278350516
"2025-05-29",96,48296.9,-1616.12,-79.2,46601.58,1008,0,0,3864.36,51473.94,57,38,"2024-05-28",491,281572.95,-50630.61,-14622.95,216319.39,933,0,0,17322.73,234575.12,318,172,-80.44806517311609,-82.847,96.808,99.458,-78.457,8.038,,,-77.691,-78.056,-82.0754716981132,-77.90697674418605
"2025-05-30",114,59059.25,-2974.38,-24696.77,31388.1,1017,0,0,2591.68,34996.78,70,44,"2024-05-29",153,90306.83,-12915.52,-2136.25,75255.06,72,0,0,5708.56,81035.62,108,45,-25.49019607843137,-34.601,76.97,-1056.08,-58.291,1312.5,,,-54.6,-56.813,-35.18518518518518,-2.2222222222222223
"2025-05-31",119,61280.89,-4108.02,0,57172.87,45,0,0,4279.5,61497.37,72,42,"2024-05-30",157,57395.89,-3230.95,-29620.96,24543.98,107,0,0,2362.14,27013.12,77,80,-24.203821656050955,6.768,-27.145,100,132.94,-57.943,,,81.17,127.657,-6.4935064935064934,-47.5
"2025-06-01",111,51053.4,-3876.96,-4928.93,42247.51,36,0,0,3158.13,45441.64,74,36,"2024-05-31",119,42393.56,-3010.65,0,39382.91,36,0,0,3004.13,42423.04,56,63,-6.722689075630252,20.427,-28.774,,7.273,0,,,5.126,7.115,32.142857142857146,-42.857142857142854
"2025-06-02",440,188819.71,-26500.16,-2933.74,159385.81,36,0,0,11844.22,171266.03,97,337,"2024-06-01",138,49406.76,-2502.99,-7838.15,39065.62,9,0,0,2726.05,41800.67,66,71,218.84057971014494,282.173,-958.74,62.571,307.995,300,,,334.482,309.72,46.96969696969697,374.6478873239437
"2025-06-03",213,97989.59,-10822.7,-971.44,86195.45,45,0,0,6230.98,92471.43,81,130,"2024-06-02",91,62222.5,-3590.35,-2765.65,55866.5,1008,0,0,4074.73,60949.23,60,30,134.06593406593407,57.482,-201.438,64.874,54.288,-95.535,,,52.917,51.718,35,333.3333333333333
"2025-06-04",279,125968.48,-12786.71,-2892.72,110289.05,118,0,0,8286.27,118693.32,96,180,"2024-06-03",130,59368.9,-4470.8,-9708.46,45189.64,0,0,0,4265.53,49455.17,77,52,114.61538461538461,112.179,-186.004,70.204,144.058,,,,94.261,140.001,24.675324675324674,246.15384615384616
"2025-06-05",220,99510.7,-11087.5,-3118.99,85304.21,36,0,0,6209.24,91549.45,84,135,"2024-06-04",101,43656.31,-2388.18,-3465.58,37802.55,206.3,0,0,3037.76,41046.61,53,48,117.82178217821782,127.941,-364.265,10,125.657,-82.549,,,104.401,123.037,58.490566037735846,181.25
"2025-06-06",124,62672.35,-4332.34,-3760.93,54579.08,136.05,0,0,4390.73,59105.86,74,50,"2024-06-05",92,49669.52,-3617.61,-6309.17,39742.74,27,0,0,3005.08,42774.82,51,41,34.78260869565217,26.178,-19.756,40.389,37.33,403.888,,,46.11,38.179,45.09803921568628,21.951219512195124
"2025-06-07",113,61352.21,-3526.01,-24011.17,33815.03,91,0,0,2578.52,36484.55,63,48,"2024-06-06",102,41297.59,-3134.46,-17429.05,20734.08,27,0,0,1517.67,22278.75,52,49,10.784313725490197,48.561,-12.491,-37.765,63.089,237.037,,,69.899,63.763,21.153846153846153,-2.0408163265306123
"2025-06-08",326,190335.48,-34845.41,-2520.41,152969.66,63,0,0,11274.24,164306.9,201,119,"2024-06-07",130,54119.3,-5061.43,-2767.14,46290.73,185,0,0,3525.86,50001.59,69,61,150.76923076923077,251.696,-588.449,8.916,230.454,-65.945,,,219.758,228.603,191.30434782608697,95.08196721311475
"2025-06-09",372,224844.03,-46706.03,-9362.79,168775.21,-64.05,0,0,12237.23,180948.39,240,130,"2024-06-08",132,51751.85,-6338.69,-21619.75,23793.41,107,0,0,1687.44,25587.85,60,69,181.8181818181818,334.465,-636.84,56.693,609.335,-159.859,,,625.194,607.165,300,88.40579710144928
"2025-06-10",153,86558.32,-5871.96,-731.62,79954.74,1035,0,0,6147.97,87137.71,96,57,"2024-06-09",177,84319.66,-9202.33,-2977.96,72139.37,167,0,0,5224.55,77530.92,93,83,-13.559322033898304,2.654,36.19,75.432,10.833,519.76,,,17.674,12.39,3.225806451612903,-31.325301204819276
"2025-06-11",107,57666.68,-3723.97,-21328.28,32614.43,109,0,0,2512.6,35236.03,70,37,"2024-06-10",108,69758.39,-4864.31,-11914,52980.08,167,0,0,3902.15,57049.23,68,40,-0.9259259259259259,-17.333,23.442,-79.018,-38.44,-34.73,,,-35.609,-38.235,2.9411764705882355,-7.5
"2025-06-12",104,63799.07,-3604.09,-4506.95,55688.03,1317,0,0,4397.61,61402.64,64,40,"2024-06-11",113,65581.8,-5537.62,-12240.31,47803.87,0,0,0,3194.59,50998.46,66,46,-7.964601769911504,-2.718,34.916,63.179,16.492,,,,37.658,20.4,-3.0303030303030303,-13.043478260869565
"2025-06-13",99,48286.61,-3258.33,-8455.8,36572.48,54,0,0,2862.78,39489.26,60,37,"2024-06-12",103,47478.84,-4565.95,-6065.37,36847.52,45,0,0,2434.13,39326.65,59,42,-3.883495145631068,1.701,28.638,-39.411,-0.746,20,,,17.609,0.413,1.694915254237288,-11.904761904761905
"2025-06-14",83,44812.72,-3128.95,0,41683.77,1044,0,0,3055.18,45782.95,53,29,"2024-06-13",93,50730,-3264.17,-3805.6,43660.23,0,0,0,3320.88,46981.11,58,34,-10.75268817204301,-11.664,4.142,100,-4.526,,,,-8,-2.55,-8.620689655172415,-14.705882352941176
"2025-06-15",91,53167.12,-2808.56,-1490.06,48868.5,56.3,0,0,3890.16,52814.96,54,37,"2024-06-14",61,33070.88,-2946.78,0,30124.1,98,0,0,2072.35,32294.45,42,19,49.18032786885246,60.767,4.69,,62.223,-42.551,,,87.717,63.541,28.571428571428573,94.73684210526316
"2025-06-16",80,43885.33,-2164.81,-8015.85,33704.67,27,0,0,2603.36,36335.03,50,30,"2024-06-15",56,34677.17,-2457.61,-7122.95,25096.61,277,0,0,1847.24,27220.85,41,15,42.857142857142854,26.553,11.914,-12.535,34.299,-90.252,,,40.932,33.482,21.951219512195124,100
"2025-06-17",81,42890.67,-2575.32,-3266.45,37048.9,0,0,0,2671.33,39720.23,45,36,"2024-06-16",65,45555.76,-3196.32,-50,42309.44,146,0,0,2994.65,45450.09,41,24,24.615384615384617,-5.85,19.428,-6432.9,-12.433,-100,,,-10.796,-12.606,9.75609756097561,50
"2025-06-18",97,53867.52,-3773.51,-19481.1,30612.91,926,0,0,2117.34,33656.25,58,39,"2024-06-17",76,40478.8,-2655.2,-22230.73,15592.87,164,0,0,1226.82,16983.69,46,30,27.63157894736842,33.075,-42.117,12.368,96.326,464.634,,,72.587,98.168,26.08695652173913,30
"2025-06-19",111,54668.63,-3258.27,-1940.48,49469.88,917,0,0,3598.63,53985.51,70,41,"2024-06-18",71,30013.06,-1984.68,-8143.65,19884.73,-981,0,0,1383.32,20287.05,32,39,56.33802816901409,82.149,-64.171,76.171,148.783,193.476,,,160.144,166.108,118.75,5.128205128205129
"2025-06-20",101,39380.5,-2287.11,-4767.43,32325.96,54,0,0,2628.64,35008.6,59,40,"2024-06-19",82,38119.89,-3284.22,-8772.14,26063.53,18,0,0,1575.19,27656.72,51,31,23.170731707317074,3.306,30.36,45.652,24.027,200,,,66.877,26.582,15.686274509803921,29.032258064516128
"2025-06-21",88,40698.94,-2287.05,-1088.34,37323.55,54,0,0,2877.89,40255.44,51,36,"2024-06-20",103,46286.36,-2851.3,-12756.14,30678.92,27,0,0,2066.04,32771.96,57,45,-14.563106796116505,-12.071,19.789,91.468,21.658,100,,,39.294,22.835,-10.526315789473685,-20
"2025-06-22",91,44167.92,-2669.43,-1309.22,40189.27,45,0,0,3287.32,43521.59,63,25,"2024-06-21",92,35267.7,-3423.27,-4876.95,26967.48,89,0,0,1673.9,28730.38,46,46,-1.0869565217391304,25.236,22.021,73.154,49.028,-49.438,,,96.386,51.482,36.95652173913044,-45.65217391304348
"2025-06-23",100,38631.02,-1960.21,-3687.28,32983.53,54,0,0,2501.28,35538.81,57,43,"2024-06-22",89,58237.37,-3683.32,-1105.85,53448.2,1157,0,0,3728.75,58333.95,57,31,12.359550561797754,-33.666,46.781,-233.434,-38.288,-95.332,,,-32.919,-39.076,0,38.70967741935484
"2025-06-24",84,39467.1,-2337.6,-16893,20236.5,36,0,0,1835.28,22107.78,56,27,"2024-06-23",59,26469.88,-2168.15,-3503.1,20798.63,9,0,0,1415.94,22223.57,30,28,42.3728813559322,49.101,-7.815,-382.23,-2.702,300,,,29.615,-0.521,86.66666666666667,-3.5714285714285716
"2025-06-25",91,41203.97,-2338.15,-4229.98,34635.84,935,0,0,2500.31,38071.15,56,34,"2024-06-24",96,55380.92,-4011.8,-12529.99,38839.13,18,0,0,2460.01,41317.14,49,46,-5.208333333333333,-25.598,41.718,66.241,-10.822,5094.444,,,1.638,-7.856,14.285714285714286,-26.08695652173913
"2025-06-26",76,28764.67,-1729.08,-11062.59,15973,27,0,0,1127.82,17127.82,40,36,"2024-06-25",75,45474.56,-3581.82,-17345.68,24547.06,9,0,0,1771.96,26328.02,41,32,1.3333333333333333,-36.745,51.726,36.222,-34.929,200,,,-36.351,-34.944,-2.4390243902439024,12.5
"2025-06-27",126,52821.52,-3267.36,-3923.95,45630.21,54,0,0,3544.24,49228.45,69,57,"2024-06-26",71,32769.39,-1757.24,-390.3,30621.85,48,0,0,2076,32745.85,37,34,77.46478873239437,61.191,-85.937,-905.367,49.011,12.5,,,70.724,50.334,86.48648648648648,67.6470588235294
"2025-06-28",85,42625.96,-2784.85,0,39841.11,45,0,0,2968.44,42854.55,46,39,"2024-06-27",120,41671.24,-3043.06,-12219.1,26409.08,45,0,0,1599.78,28053.86,48,72,-29.166666666666668,2.291,8.485,100,50.861,0,,,85.553,52.758,-4.166666666666667,-45.833333333333336
"2025-06-29",79,40794.53,-1968.08,0,38826.45,18,0,0,2875.17,41719.62,55,24,"2024-06-28",92,38159.69,-4316.32,-1327.28,32516.09,27,0,0,2581.61,35124.7,54,38,-14.130434782608695,6.904,54.403,100,19.406,-33.333,,,11.371,18.775,1.8518518518518519,-36.8421052631579
"2025-06-30",103,42438.72,-3193.5,-19144.97,20100.25,36,0,0,1776.03,21912.28,56,46,"2024-06-29",77,39241.51,-2551.4,-11587.8,25102.31,137,0,0,1741.64,26980.95,44,33,33.76623376623377,8.147,-25.166,-65.216,-19.926,-73.722,,,1.974,-18.786,27.272727272727273,39.39393939393939
"2025-07-01",113,41278.31,-2936.8,-908.24,37433.27,36,0,0,2842.26,40311.53,70,43,"2024-06-30",92,49673.85,-3123.81,-1260.55,45289.49,27,0,0,3495.69,48812.18,47,45,22.82608695652174,-16.901,5.986,27.948,-17.346,33.333,,,-18.692,-17.415,48.93617021276596,-4.444444444444445
"2025-07-02",90,43486.04,-2502.42,-4174.36,36809.26,36,0,0,2573.13,39418.39,58,32,"2024-07-01",111,55391.67,-3574.41,-28.33,51788.93,19.55,0,0,3790.76,55599.24,67,44,-18.91891891891892,-21.493,29.99,-14634.768,-28.924,84.143,,,-32.12,-29.102,-13.432835820895523,-27.272727272727273
"2025-07-03",91,45560.13,-3229.54,-4890.09,37440.5,45,0,0,2930.93,40416.43,55,35,"2024-07-02",98,34569.61,-2016.18,-15661.15,16892.28,0,0,0,1165.02,18057.3,50,47,-7.142857142857143,31.792,-60.181,68.775,121.642,,,,151.577,123.823,10,-25.53191489361702
"2025-07-04",101,48779.26,-4015.93,-440.94,44322.39,36,0,0,3139.68,47498.07,63,38,"2024-07-03",85,40948.73,-3276.71,-868.67,36803.35,9,0,0,2622.92,39435.27,48,37,18.823529411764707,19.122,-22.559,49.239,20.43,300,,,19.701,20.445,31.25,2.7027027027027026
"2025-07-05",79,40747.1,-3174.59,0,37572.51,18,0,0,2598.65,40189.16,55,24,"2024-07-04",82,51944.63,-3135.86,0,48808.77,36,0,0,3482.29,52327.06,57,25,-3.658536585365854,-21.556,-1.235,,-23.02,-50,,,-25.375,-23.196,-3.508771929824561,-4
"2025-07-06",84,56877.6,-3370.66,0,53506.94,1008,0,0,3921.12,58436.06,56,27,"2024-07-05",106,45001.9,-3753.5,-2318.37,38930.03,36,0,0,2869.63,41835.66,50,55,-20.754716981132077,26.389,10.199,100,37.443,2700,,,36.642,39.68,12,-50.90909090909091
"2025-07-07",146,59721.69,-20303.63,-2014.91,37403.15,54,0,0,2620.81,40077.96,102,44,"2024-07-06",79,49359.34,-3042.13,-5919.56,40397.65,28.68,0,0,3177.69,43604.02,53,26,84.81012658227849,20.993,-567.414,65.961,-7.412,88.284,,,-17.524,-8.086,92.45283018867924,69.23076923076923
"2025-07-08",100,50982.67,-6337.65,-2431.51,42213.51,0,0,0,3280.12,45493.63,65,33,"2024-07-07",104,58800.7,-3670.95,-5757.7,49372.05,0,0,0,3691.98,53064.03,60,44,-3.8461538461538463,-13.295,-72.643,57.769,-14.499,,,,-11.155,-14.266,8.333333333333334,-25
"2025-07-09",132,39787.56,-3275.85,-2013.75,34497.96,27,0,0,2727.01,37251.97,71,61,"2024-07-08",145,87081.41,-8436.45,-8948.19,69696.77,1008,0,0,5186.18,75890.95,98,47,-8.96551724137931,-54.309,61.17,77.495,-50.502,-97.321,,,-47.417,-50.913,-27.551020408163264,29.78723404255319
"2025-07-10",96,51065.36,-5049.04,-13409.31,32607.01,27,0,0,2430.87,35064.88,57,39,"2024-07-09",94,45950,-4230.26,-11073.39,30646.35,9,0,0,2457.13,33112.48,60,33,2.127659574468085,11.132,-19.355,-21.094,6.397,200,,,-1.068,5.896,-5,18.181818181818183
"2025-07-11",164,44099.72,-10551.62,-8561.94,24986.16,45,0,0,1874.81,26905.97,132,31,"2024-07-10",90,38214.91,-3569.16,-1897.42,32748.33,9,0,0,2086.57,34843.9,56,33,82.22222222222223,15.399,-195.633,-351.241,-23.702,400,,,-10.148,-22.781,135.71428571428572,-6.0606060606060606
"2025-07-12",89,41989.99,-4391.08,-786,36812.91,9,0,0,2720.88,39542.79,59,30,"2024-07-11",117,47884.14,-2618.18,-20301.86,24964.1,0,0,0,1903.11,26867.21,57,60,-23.931623931623932,-12.309,-67.714,96.128,47.463,,,,42.97,47.178,3.508771929824561,-50
"2025-07-13",66,28840.7,-2247.33,0,26593.37,45,0,0,1833.24,28471.61,45,20,"2024-07-12",141,52312.78,-5273.19,-6701.8,40337.79,98,0,0,2712.03,43147.82,83,58,-53.191489361702125,-44.868,57.381,100,-34.073,-54.081,,,-32.403,-34.013,-45.78313253012048,-65.51724137931035
"2025-07-14",92,38969.31,-5079.82,-1471.58,32417.91,27,0,0,2518.78,34963.69,58,34,"2024-07-13",63,28063.76,-2448.73,-11318.7,14296.33,0,0,0,858.23,15154.56,41,22,46.03174603174603,38.859,-107.447,86.998,126.756,,,,193.485,130.713,41.46341463414634,54.54545454545455
"2025-07-15",98,40213.11,-3745.02,-3903.64,32564.45,54,0,0,2486.91,35105.36,57,41,"2024-07-14",90,58530.7,-3398.5,-3481.41,51650.79,858,0,0,4269.26,56778.05,59,31,8.88888888888889,-31.295,-10.196,-12.128,-36.952,-93.706,,,-41.748,-38.17,-3.389830508474576,32.25806451612903
"2025-07-16",96,52112.71,-4730.75,-12065.39,35316.57,36,0,0,2714.51,38067.08,52,43,"2024-07-15",116,53995.86,-4823.6,-2427.14,46745.12,18,0,0,3338.49,50101.61,54,60,-17.24137931034483,-3.487,1.924,-397.103,-24.448,100,,,-18.69,-24.02,-3.7037037037037037,-28.333333333333332
"2025-07-17",89,39779.69,-2261.2,-11488.4,26030.09,27,0,0,1974.07,28031.16,58,31,"2024-07-16",91,47671.23,-4416.24,-9139.72,34115.27,18,0,0,2579.14,36712.41,57,33,-2.197802197802198,-16.554,48.798,-25.697,-23.699,50,,,-23.46,-23.646,1.7543859649122806,-6.0606060606060606
"2025-07-18",98,56036.27,-5571.46,-9759.29,40705.52,9,0,0,2885.38,43599.9,52,45,"2024-07-17",91,49865.71,-4816.65,-4134.45,40914.61,9,0,0,3188.44,44112.05,58,32,7.6923076923076925,12.374,-15.67,-136.048,-0.511,0,,,-9.504,-1.161,-10.344827586206897,40.625
"2025-07-19",79,36527.78,-2561.74,-1344,32622.04,18,0,0,2511.58,35151.62,43,36,"2024-07-18",116,51534.55,-4438.3,-262.45,46833.8,129,0,0,3670.74,50633.54,73,42,-31.896551724137932,-29.119,42.281,-412.097,-30.345,-86.046,,,-31.578,-30.576,-41.0958904109589,-14.285714285714286
"2025-07-20",96,54923.77,-4174.13,-1428.97,49320.67,45,0,0,3676.95,53042.62,56,40,"2024-07-19",82,39717.38,-3737.86,-8182.02,27797.5,9,0,0,1793.3,29599.8,58,24,17.073170731707318,38.286,-11.671,82.535,77.428,400,,,105.038,79.199,-3.4482758620689653,66.66666666666667
"2025-07-21",120,47583.17,-2314.7,-6300.3,38968.17,91,0,0,3246.57,42305.74,78,42,"2024-07-20",59,23619.72,-1655.3,0,21964.42,18,0,0,1636.87,23619.29,33,26,103.38983050847457,101.455,-39.835,,77.414,405.555,,,98.34,79.115,136.36363636363637,61.53846153846154
"2025-07-22",106,49082.55,-3310.49,-1535.91,44236.15,1008,0,0,3615.18,48859.33,50,55,"2024-07-21",60,38039.66,-3279.44,-2800.08,31960.14,0,0,0,2196.51,34156.65,39,20,76.66666666666667,29.029,-0.946,45.147,38.41,,,,64.587,43.044,28.205128205128204,175
"2025-07-23",99,39845.36,-3886.43,-794.43,35164.5,45,0,0,2643.57,37853.07,58,40,"2024-07-22",110,53094.45,-3173.78,-14595.37,35325.3,82,0,0,2632.03,38039.33,52,58,-10,-24.953,-22.454,94.556,-0.455,-45.121,,,0.438,-0.489,11.538461538461538,-31.03448275862069
"2025-07-24",104,52257.39,-3395.44,-4276.74,44585.21,18,0,0,3398.88,48002.09,63,37,"2024-07-23",113,45039.23,-3622.49,-4219.56,37197.18,45,0,0,2692.33,39934.51,60,51,-7.964601769911504,16.026,6.267,-1.355,19.861,-60,,,26.243,20.202,5,-27.45098039215686
"2025-07-25",119,50619.78,-2970.47,-12176.49,35472.82,36,0,0,2413.3,37922.12,64,55,"2024-07-24",83,42641.81,-2874.79,-1837.71,37929.31,0,0,0,2405.6,40334.91,45,37,43.373493975903614,18.709,-3.328,-562.59,-6.476,,,,0.32,-5.981,42.22222222222222,48.648648648648646
"2025-07-26",88,42799.75,-3252.57,0,39547.18,81,0,0,3056.19,42684.37,49,39,"2024-07-25",109,30872.98,-1944.54,-10555.15,18373.29,177,0,0,1094.25,19644.54,44,63,-19.26605504587156,38.631,-67.266,100,115.242,-54.237,,,179.295,117.283,11.363636363636363,-38.095238095238095
"2025-07-27",89,36453.25,-2028.15,-346.88,34078.22,72,0,0,2475.33,36625.55,53,36,"2024-07-26",55,28862.94,-2801.19,0,26061.75,54,0,0,1538.92,27654.67,30,24,61.81818181818182,26.297,27.596,,30.759,33.333,,,60.848,32.438,76.66666666666667,50
"2025-07-28",97,42472.75,-3908.73,-6551.25,32012.77,0,0,0,2267.98,34280.75,50,46,"2024-07-27",74,40472.09,-3218.56,-1637.47,35616.06,51,0,0,2280.34,37947.4,39,33,31.08108108108108,4.943,-21.443,-300.083,-10.117,-100,,,-0.542,-9.662,28.205128205128204,39.39393939393939
"2025-07-29",102,45454.05,-3668.54,-18909.2,22876.31,-972,0,0,1808.11,23712.42,61,40,"2024-07-28",55,34949.7,-3115.46,-349,31485.24,18,0,0,2095.62,33598.86,40,15,85.45454545454545,30.055,-17.752,-5318.108,-27.342,-5500,,,-13.719,-29.424,52.5,166.66666666666666
"2025-07-30",114,40798.75,-3255.05,-1128.93,36414.77,45,0,0,2811.66,39271.43,62,51,"2024-07-29",72,41055.29,-2795.06,-1666.13,36594.1,9,0,0,2370.61,38973.71,44,27,58.333333333333336,-0.624,-16.457,32.242,-0.49,400,,,18.604,0.763,40.90909090909091,88.88888888888889
"2025-07-31",106,48964.31,-3078.05,0,45886.26,18,0,0,3162.18,49066.44,63,42,"2024-07-30",97,43581.71,-2901.86,-4511.72,36168.13,27,0,0,3018.68,39213.81,63,34,9.278350515463918,12.35,-6.071,100,26.869,-33.333,,,4.753,25.125,0,23.529411764705884
"2025-08-01",90,36850.35,-3014.7,-2058,31777.65,36,0,0,2378.93,34192.58,51,38,"2024-07-31",55,33031.45,-1609.7,-415.3,31006.45,36,0,0,2289.52,33331.97,34,19,63.63636363636363,11.561,-87.283,-395.545,2.487,0,,,3.905,2.581,50,100
"2025-08-02",69,31847.65,-1596.65,0,30251,47.06,0,0,2219.16,32517.22,44,25,"2024-08-01",72,36424.58,-2555.1,-18394.9,15474.58,27,0,0,967.38,16468.96,42,30,-4.166666666666667,-12.565,37.511,100,95.488,74.296,,,129.398,97.445,4.761904761904762,-16.666666666666668
"2025-08-03",94,42993.89,-3503.19,-329.1,39161.6,36,0,0,3073.17,42270.77,63,31,"2024-08-02",86,52774.44,-5171.72,-1408.95,46193.77,18,0,0,3211.39,49423.16,57,29,9.30232558139535,-18.532,32.262,76.642,-15.223,100,,,-4.304,-14.471,10.526315789473685,6.896551724137931
"2025-08-04",133,56441.34,-4390.2,-3715.22,48335.92,84,0,0,3242.45,51662.37,83,49,"2024-08-03",45,27174.2,-2116.7,-6055.3,19002.2,18,0,0,1226.11,20246.31,34,11,195.55555555555554,107.701,-107.407,38.645,154.37,366.666,,,164.45,155.169,144.11764705882354,345.45454545454544
"2025-08-05",104,55085.74,-2730.92,-2592.85,49761.97,908,0,0,3927.84,54597.81,65,38,"2024-08-04",53,25645.23,-1667.43,0,23977.8,36,0,0,1861.88,25875.68,37,16,96.22641509433963,114.799,-63.78,,107.533,2422.222,,,110.96,111,75.67567567567568,137.5
"2025-08-06",115,44815.29,-4552.21,-4775.05,35488.03,27,0,0,3062.47,38577.5,60,52,"2024-08-05",76,35257.82,-3045.95,-1866.85,30345.02,36,0,0,2121.55,32502.57,47,29,51.31578947368421,27.107,-49.451,-155.781,16.948,-25,,,44.35,18.69,27.659574468085108,79.3103448275862
"2025-08-07",84,33078.13,-3493.34,-2129.73,27455.06,27,0,0,2383.33,29865.39,43,40,"2024-08-06",91,47712.83,-4045.41,-1075.05,42592.37,9,0,0,2933.64,45535.01,49,42,-7.6923076923076925,-30.672,13.646,-98.105,-35.539,200,,,-18.758,-34.412,-12.244897959183673,-4.761904761904762
"2025-08-08",79,40261.82,-8612.19,-1744,29905.63,27,0,0,2186.07,32118.7,47,31,"2024-08-07",98,44715.92,-4205.69,-1171.36,39338.87,33,0,0,2769.19,42141.06,54,44,-19.387755102040817,-9.96,-104.774,-48.886,-23.979,-18.181,,,-21.057,-23.782,-12.962962962962964,-29.545454545454547
"2025-08-09",77,34073.02,-2083.28,-1461.05,30528.69,18,0,0,2144.73,32691.42,46,31,"2024-08-08",97,42185.89,-4758.78,-540.37,36886.74,27,0,0,3064.43,39978.17,45,52,-20.61855670103093,-19.231,56.222,-170.379,-17.236,-33.333,,,-30.012,-18.226,2.2222222222222223,-40.38461538461539
"2025-08-10",76,38522.55,-2814.95,-1942.5,33765.1,36,0,0,2435.2,36236.3,45,29,"2024-08-09",89,38726.69,-3927.78,-4108.72,30690.19,9,0,0,2345.56,33044.75,44,40,-14.606741573033707,-0.527,28.332,52.722,10.019,300,,,3.821,9.658,2.272727272727273,-27.5
"2025-08-11",140,58853.95,-16068.9,-15993.12,26791.93,36,0,0,2011.83,28839.76,100,39,"2024-08-10",77,28780.3,-2771.6,-2920.01,23088.69,9,0,0,1684.48,24782.17,35,39,81.81818181818181,104.493,-479.769,-447.707,16.039,300,,,19.433,16.373,185.71428571428572,0
"2025-08-12",117,55889.03,-9924.7,-882.39,45081.94,36,0,0,3444.74,48562.68,76,38,"2024-08-11",82,44938.78,-2731.01,-6892.3,35315.47,64.63,0,0,2481.48,37861.58,56,26,42.68292682926829,24.367,-263.407,87.197,27.654,-44.298,,,38.817,28.263,35.714285714285715,46.15384615384615
"2025-08-13",107,58687.76,-5419.35,-2102.54,51165.87,1044,0,0,3740.35,55950.22,58,48,"2024-08-12",70,43958.92,-3605.39,-905.76,39447.77,18,0,0,2778.01,42243.78,47,23,52.857142857142854,33.505,-50.312,-132.129,29.705,5700,,,34.641,32.446,23.404255319148938,108.69565217391305
"2025-08-14",131,38026.9,-2603.53,-4272.4,31150.97,54,0,0,2154.55,33359.52,96,35,"2024-08-13",108,43106.41,-2852.45,-8191.08,32062.88,718,0,0,2780.47,35561.35,55,52,21.296296296296298,-11.783,8.726,47.84,-2.844,-92.479,,,-22.511,-6.191,74.54545454545455,-32.69230769230769
"2025-08-15",125,53081.89,-5034.83,-15581.2,32465.86,63,0,0,2528.18,35057.04,80,44,"2024-08-14",108,36302.79,-4304.32,-364.69,31633.78,18,0,0,2309.58,33961.36,36,71,15.74074074074074,46.219,-16.971,-4172.45,2.63,250,,,9.464,3.226,122.22222222222223,-38.028169014084504
"2025-08-16",102,49071.05,-4670.46,-3425.32,40975.27,45,0,0,3088.13,44108.4,67,35,"2024-08-15",102,51965.31,-4482.06,-279.2,47204.05,27,0,0,3362.37,50593.42,58,43,0,-5.569,-4.203,-1126.833,-13.195,66.666,,,-8.156,-12.817,15.517241379310345,-18.6046511627907
"2025-08-17",243,238595.49,-37566.83,-2689.3,198339.36,1017.74,0,0,14749.72,214106.82,77,165,"2024-08-16",106,36053.06,-3003.33,-5410.86,27638.87,27,0,0,1941.23,29607.1,46,60,129.24528301886792,561.789,-1150.839,50.298,617.61,3669.407,,,659.813,623.16,67.3913043478261,175
"2025-08-18",183,151963.43,-24319.5,-10963.7,116680.23,27,0,0,8773.39,125480.62,76,105,"2024-08-17",88,37955.87,-3647.21,-12697.3,21611.36,19.78,0,0,1638.77,23269.91,53,35,107.95454545454545,300.368,-566.797,13.653,439.902,36.501,,,435.364,439.239,43.39622641509434,200
"2025-08-19",140,89329.5,-10130.95,-2366.32,76832.23,27,0,0,5540.34,82399.57,66,73,"2024-08-18",65,42551.95,-2866.79,-2170.85,37514.31,37.78,0,0,2613.52,40165.61,44,21,115.38461538461539,109.93,-253.39,-9.004,104.807,-28.533,,,111.987,105.149,50,247.61904761904762
"2025-08-20",207,154849.75,-20927.89,-6834.05,127087.81,9,0,0,9542.96,136639.77,108,99,"2024-08-19",58,27976.18,-1967.93,-1646.69,24361.56,36,0,0,1885.59,26283.15,32,25,256.8965517241379,453.505,-963.446,-315.017,421.673,-75,,,406.099,419.875,237.5,296
"2025-08-21",179,136942.83,-20466.39,-3554.76,112921.68,27,0,0,8592.4,121541.08,84,92,"2024-08-20",103,33245.02,-3261.95,-2307.75,27675.32,27,0,0,1895.36,29597.68,52,51,73.7864077669903,311.919,-527.428,-54.035,308.023,0,,,353.338,310.643,61.53846153846154,80.3921568627451
"2025-08-22",81,51142.96,-4932.32,-8641.67,37568.97,9,0,0,2873.66,40451.63,46,35,"2024-08-21",98,41268.91,-2928.4,-1726.9,36613.61,18,0,0,2605.86,39237.47,54,44,-17.346938775510203,23.926,-68.43,-400.415,2.609,-50,,,10.276,3.094,-14.814814814814815,-20.454545454545453
"2025-08-23",90,49939.04,-4314.71,-2797.27,42827.06,18,0,0,3133.81,45978.87,49,41,"2024-08-22",183,60707.63,-6025.38,-13545.85,41136.4,28.9,0,0,3365.41,44530.71,63,118,-50.81967213114754,-17.738,28.391,79.349,4.109,-37.716,,,-6.881,3.252,-22.22222222222222,-65.2542372881356
"2025-08-24",96,53562.17,-4042.85,-125.27,49394.05,27,0,0,3442.79,52863.84,63,33,"2024-08-23",289,153103.15,-27777.2,-893,124432.95,111,0,0,8779.7,133323.65,147,138,-66.78200692041523,-65.015,85.445,85.972,-60.304,-75.675,,,-60.786,-60.349,-57.142857142857146,-76.08695652173913
"2025-08-25",103,52941.06,-3831.27,-5668.25,43441.54,18,0,0,3329.22,46788.76,62,36,"2024-08-24",176,96259.94,-16622.21,-5531,74106.73,45,0,0,5495.97,79647.7,115,60,-41.47727272727273,-45.001,76.95,-2.481,-41.379,-60,,,-39.424,-41.255,-46.08695652173913,-40
"2025-08-26",128,73440.88,-12700.34,-8011.76,52728.78,45,0,0,4019.58,56793.36,77,48,"2024-08-25",191,106309.78,-20213.95,-1274.2,84821.63,173,0,0,6079.77,91074.4,118,73,-32.98429319371728,-30.918,37.17,-528.767,-37.835,-73.988,,,-33.885,-37.64,-34.74576271186441,-34.24657534246575
"2025-08-27",245,144075.48,-23756.44,-5422.23,114896.81,18,0,0,8873.39,123788.2,135,106,"2024-08-26",203,105920.06,-17843.96,-2339.96,85736.14,134,0,0,6404.75,92274.89,112,88,20.689655172413794,36.022,-33.134,-131.723,34.012,-86.567,,,38.543,34.151,20.535714285714285,20.454545454545453
"2025-08-28",335,209937.59,-30368.28,-3453.91,176115.4,63,0,0,13203.5,189381.9,199,135,"2024-08-27",166,86524.66,-15010.13,-3461.1,68053.43,60,0,0,4814.98,72928.41,90,74,101.80722891566265,142.633,-102.318,0.207,158.789,5,,,174.217,159.681,121.11111111111111,82.43243243243244
"2025-08-29",283,181017.1,-29207.19,-7327.29,144482.62,36,0,0,11434.92,155953.54,177,102,"2024-08-28",208,111878.91,-19243.29,-1878.89,90756.73,9,0,0,6995.17,97760.9,108,97,36.05769230769231,61.797,-51.778,-289.979,59.197,300,,,63.468,59.525,63.888888888888886,5.154639175257732
"2025-08-30",295,170484.34,-25586.36,-3549.79,141348.19,72,0,0,11307.37,152727.56,161,128,"2024-08-29",197,106963,-16953.58,-1224.99,88784.43,18,0,0,6725.83,95528.26,115,81,49.746192893401016,59.386,-50.92,-189.781,59.203,300,,,68.118,59.876,40,58.02469135802469
"2025-08-31",326,211614.88,-29370.75,-4349.18,177894.95,104.25,0,0,13146.66,191145.86,217,105,"2024-08-30",212,122093.5,-22510.66,-2868.4,96714.44,116,0,0,7050.88,103881.32,120,89,53.77358490566038,73.321,-30.474,-51.623,83.938,-10.129,,,86.454,84.004,80.83333333333333,17.97752808988764
"2025-09-01",508,319854.06,-47509.78,-5763.67,266580.61,194.25,0,0,20227.26,287002.12,334,167,"2024-08-31",224,145044.58,-22928.03,-14022.95,108093.6,1043,0,0,8071.5,117208.1,140,83,126.78571428571429,120.521,-107.212,58.898,146.62,-81.375,,,150.601,144.865,138.57142857142858,101.20481927710843
"2025-09-02",357,227456.21,-30196.27,-19003.86,178256.08,117,0,0,13839.46,192212.54,240,117,"2024-09-01",331,200525.1,-35262.12,-388.6,164874.38,76.94,0,0,12490.46,177441.78,209,120,7.854984894259819,13.43,14.366,-4790.339,8.116,52.066,,,10.8,8.324,14.832535885167465,-2.5
"2025-09-03",279,165662.49,-23859.59,-4445.94,137356.96,63,0,0,10085.09,147505.05,157,120,"2024-09-02",528,343819.05,-61757.65,0,282061.4,75.9,0,0,20924.45,303061.75,369,157,-47.15909090909091,-51.816,61.365,,-51.302,-16.996,,,-51.802,-51.328,-57.452574525745256,-23.56687898089172
"2025-09-04",124,61023.34,-10377.52,-3036.3,47609.52,18,0,0,3455.7,51083.22,78,44,"2024-09-03",302,194152.81,-33217.96,-4510.03,156424.82,66,0,0,11605.5,168096.32,196,104,-58.94039735099338,-68.569,68.759,32.676,-69.563,-72.727,,,-70.223,-69.61,-60.204081632653065,-57.69230769230769
"2025-09-05",134,57569.27,-7544.38,-16358.77,33666.12,45,0,0,2711.5,36422.62,91,43,"2024-09-04",121,55258.41,-7652.89,-2190.6,45414.92,9,0,0,3116.01,48539.93,64,57,10.743801652892563,4.181,1.417,-646.771,-25.869,400,,,-12.981,-24.963,42.1875,-24.56140350877193
"2025-09-06",90,61299.77,-5250.6,-1957.6,54091.57,1017,0,0,4058.72,59167.29,63,26,"2024-09-05",106,40849.92,-1658.55,-1899.2,37292.17,18,0,0,2319.78,39629.95,53,52,-15.09433962264151,50.06,-216.577,-3.074,45.048,5550,,,74.961,49.299,18.867924528301888,-50
"2025-09-07",88,60332.98,-4266.96,-1445.93,54620.09,917,0,0,4315.58,59852.67,53,35,"2024-09-06",80,46592.25,-3784.81,-2317.55,40489.89,1124,0,0,2257.17,43871.06,43,37,10,29.491,-12.739,37.609,34.898,-18.416,,,91.194,36.428,23.25581395348837,-5.405405405405405
"2025-09-08",106,68122.05,-10663.03,-3494.47,53964.55,1064.27,0,0,4543.41,59572.23,70,35,"2024-09-07",104,40226.41,-2916.81,-9874.6,27435,54,0,0,1998.27,29487.27,50,54,1.9230769230769231,69.346,-265.571,64.611,96.699,1870.87,,,127.367,102.026,40,-35.18518518518518
"2025-09-09",103,39636.96,-7772.89,-9535.41,22328.66,-963,0,0,1460.84,22826.5,66,36,"2024-09-08",76,31835.35,-2154.95,-708,28972.4,9,0,0,2061.21,31042.61,34,42,35.526315789473685,24.506,-260.699,-1246.809,-22.931,-10800,,,-29.127,-26.467,94.11764705882354,-14.285714285714286
"2025-09-10",93,45148.42,-6053.86,-3102.79,35991.77,0,0,0,2762.17,38753.94,63,30,"2024-09-09",92,43830.95,-3811.3,-4293.7,35725.95,18,0,0,2749.35,38493.3,55,37,1.0869565217391304,3.005,-58.839,27.736,0.744,-100,,,0.466,0.677,14.545454545454545,-18.91891891891892
"2025-09-11",167,54026.87,-14226.12,-10538.92,29261.83,1035,0,0,2379.49,32676.32,136,31,"2024-09-10",87,55706.43,-3410.89,-2059.7,50235.84,27,0,0,3494.01,53756.85,53,32,91.95402298850574,-3.015,-317.079,-411.672,-41.751,3733.333,,,-31.898,-39.214,156.60377358490567,-3.125
"2025-09-12",76,31455.72,-3036.14,-2493.07,25926.51,36,0,0,1986.93,27949.44,38,37,"2024-09-11",92,50786.98,-3514.24,-14494.1,32778.64,324.76,0,0,2128.86,35232.26,46,45,-17.391304347826086,-38.063,13.604,82.799,-20.904,-88.914,,,-6.666,-20.67,-17.391304347826086,-17.77777777777778
"2025-09-13",59,29501.87,-2499.92,-773,26228.95,63,0,0,2019.46,28311.41,37,22,"2024-09-12",84,31119.57,-1903.68,-8951.81,20264.08,1010,0,0,1415.64,22689.72,41,43,-29.761904761904763,-5.198,-31.32,91.364,29.435,-93.762,,,42.653,24.776,-9.75609756097561,-48.83720930232558
"2025-09-14",68,32946.3,-3601.4,-2865.2,26479.7,27,0,0,2170.16,28676.86,45,23,"2024-09-13",77,44009.62,-2772.42,-1397.05,39840.15,149,0,0,2678.28,42667.43,47,30,-11.688311688311689,-25.138,-29.9,-105.089,-33.535,-81.879,,,-18.971,-32.789,-4.25531914893617,-23.333333333333332
"2025-09-15",93,44941.96,-4438.42,-3628.75,36874.79,45,0,0,2671.14,39590.93,57,36,"2024-09-14",54,33305.68,-1523.98,-12374.4,19407.3,27,0,0,1374.56,20808.86,29,24,72.22222222222223,34.937,-191.238,70.675,90.004,66.666,,,94.326,90.259,96.55172413793103,50
"2025-09-16",110,55655.91,-7016.17,-5016.4,43623.34,9,0,0,3124.7,46757.04,76,33,"2024-09-15",70,39679.2,-2590.07,-349,36740.13,9,0,0,2763.18,39512.31,43,26,57.142857142857146,40.264,-170.887,-1337.363,18.734,0,,,13.083,18.335,76.74418604651163,26.923076923076923
"2025-09-17",109,64092.78,-5432.85,-12084.44,46575.49,1973.35,0,0,2951.73,51500.57,74,35,"2024-09-16",58,53539.92,-12841.49,0,40698.43,18,0,0,3136.73,43853.16,35,23,87.93103448275862,19.71,57.692,,14.44,10863.055,,,-5.897,17.438,111.42857142857143,52.17391304347826
"2025-09-18",73,30484.24,-2537.61,-2236.55,25710.08,27,0,0,2201.22,27938.3,38,34,"2024-09-17",67,30676.98,-2242.99,-5075.12,23358.87,0,0,0,1741.92,25100.79,32,35,8.955223880597014,-0.628,-13.135,55.931,10.065,,,,26.367,11.304,18.75,-2.857142857142857
"2025-09-19",77,31705.75,-2962.6,-2374.05,26369.1,36,0,0,1930.83,28335.93,44,33,"2024-09-18",78,42533.37,-3240.06,-7888.27,31405.04,27,0,0,2761.08,34193.12,48,30,-1.2820512820512822,-25.456,8.563,69.904,-16.035,33.333,,,-30.069,-17.129,-8.333333333333334,10
"2025-09-20",56,34850.75,-4872.62,-5940.55,24037.58,18,0,0,1883.94,25939.52,36,20,"2024-09-19",70,40230.54,-2903.5,-2777.01,34550.03,9,0,0,2229.91,36788.94,38,30,-20,-13.372,-67.818,-113.918,-30.426,100,,,-15.514,-29.49,-5.2631578947368425,-33.333333333333336
"2025-09-21",69,49183.69,-3050.04,-1836.19,44297.46,971,0,0,3515.07,48783.53,49,20,"2024-09-20",77,38412.2,-2582.08,-14364.1,21466.02,9,0,0,1525.05,23000.07,41,36,-10.38961038961039,28.041,-18.123,87.216,106.36,10688.888,,,130.488,112.101,19.51219512195122,-44.44444444444444
"2025-09-22",118,50131.75,-6009.55,-2412.62,41709.58,18,0,0,3072.9,44800.48,82,36,"2024-09-21",70,36741.64,-1935.97,-1468.8,33336.87,66,0,0,2591.95,35994.82,43,27,68.57142857142857,36.443,-210.415,-64.257,25.115,-72.727,,,18.555,24.463,90.69767441860465,33.333333333333336
"2025-09-23",122,40931.04,-4984.6,-14001.45,21944.99,18,0,0,1795.2,23758.19,86,36,"2024-09-22",70,45372.05,-2823.29,-1541.1,41007.66,18,0,0,2958.94,43984.6,52,18,74.28571428571429,-9.787,-76.552,-808.536,-46.485,0,,,-39.329,-45.985,65.38461538461539,100
"2025-09-24",170,46526.53,-3003.32,-11988.14,31535.07,36,0,0,2234.13,33805.2,137,33,"2024-09-23",69,59213.72,-23933.23,-1844.65,33435.84,18,0,0,2816.1,36269.94,38,30,146.3768115942029,-21.426,87.451,-549.886,-5.684,100,,,-20.665,-6.795,260.5263157894737,10
"2025-09-25",63,35588.4,-3312.39,0,32276.01,36,0,0,2377.67,34689.68,40,23,"2024-09-24",101,40911.81,-2273.56,-4513.05,34125.2,42,0,0,3095.85,37263.05,67,34,-37.62376237623762,-13.011,-45.691,100,-5.418,-14.285,,,-23.198,-6.905,-40.298507462686565,-32.35294117647059
"2025-09-26",78,43996,-2804.94,0,41191.06,18,0,0,2997.71,44206.77,48,30,"2024-09-25",81,40326.24,-3068,-718.1,36540.14,45,0,0,2634.46,39219.6,43,38,-3.7037037037037037,9.1,8.574,100,12.728,-60,,,13.788,12.716,11.627906976744185,-21.05263157894737
"2025-09-27",76,38788.86,-2780.4,-2246.74,33761.72,36,0,0,2591.65,36389.37,39,37,"2024-09-26",79,38779.14,-1723.42,-6919.5,30136.22,239,0,0,2169.67,32544.89,48,31,-3.7974683544303796,0.025,-61.33,67.53,12.03,-84.937,,,19.449,11.812,-18.75,19.35483870967742
"2025-09-28",80,44638.51,-3916.46,-2391.91,38330.14,102,0,0,2857.37,41289.51,43,37,"2024-09-27",76,39331.32,-3241.29,-10208.59,25881.44,9,0,0,1951.12,27841.56,39,34,5.2631578947368425,13.493,-20.83,76.569,48.098,1033.333,,,46.447,48.301,10.256410256410257,8.823529411764707
"2025-09-29",114,75074.95,-4586.08,-17560.73,52928.14,18,0,0,4025.62,56971.76,77,36,"2024-09-28",66,42488.33,-1917.6,-669,39901.73,188,0,0,3439.85,43529.58,43,23,72.72727272727273,76.695,-139.157,-2524.922,32.646,-90.425,,,17.028,30.88,79.06976744186046,56.52173913043478
"2025-09-30",164,85015.43,-13292.63,-3333.02,68389.78,1035,0,0,4298.48,73723.26,77,81,"2024-09-29",70,36106.61,-2964.81,-5194.5,27947.3,58.28,0,0,2251.12,30256.7,41,29,134.28571428571428,135.456,-348.346,35.835,144.709,1675.909,,,90.948,143.659,87.8048780487805,179.31034482758622
"2025-10-01",127,55291.26,-7029.15,-5568.07,42694.04,54,0,0,3242.5,45990.54,77,50,"2024-09-30",74,54338.74,-3368.98,-2499.75,48470.01,36,0,0,3633.87,52139.88,50,23,71.62162162162163,1.752,-108.643,-122.745,-11.916,50,,,-10.77,-11.793,54,117.3913043478261
"2025-10-02",151,72831.71,-10701.99,-3509.24,58620.48,75,0,0,3974.98,62670.46,80,71,"2024-10-01",141,68549.15,-6669.7,-7559.74,54319.71,24,0,0,3967.55,58311.26,71,69,7.092198581560283,6.247,-60.456,53.579,7.917,212.5,,,0.187,7.475,12.67605633802817,2.898550724637681
"2025-10-03",94,41912.58,-4573.09,-3939.32,33400.17,27,0,0,2450.68,35877.85,57,37,"2024-10-02",109,50837.54,-3401.22,-456.7,46979.62,93,0,0,3108.6,50181.22,54,53,-13.761467889908257,-17.555,-34.454,-762.561,-28.904,-70.967,,,-21.164,-28.503,5.555555555555555,-30.18867924528302
"2025-10-04",67,41539.57,-2363.75,-559.2,38616.62,66,0,0,2731.18,41413.8,45,22,"2024-10-03",110,33957.24,-2084.09,-2536.53,29336.62,36,0,0,1849.27,31221.89,59,50,-39.09090909090909,22.329,-13.418,77.954,31.632,83.333,,,47.689,32.643,-23.728813559322035,-56
"2025-10-05",72,35306.81,-1936.45,-1295.95,32074.41,45,0,0,2339.23,34458.64,50,22,"2024-10-04",62,22903.4,-1114.75,-14450.47,7338.18,18,0,0,454.35,7810.53,26,36,16.129032258064516,54.155,-73.711,91.031,337.089,150,,,414.851,341.181,92.3076923076923,-38.888888888888886
"2025-10-06",65,34537.39,-2044.24,-4470.18,28022.97,0,0,0,2035.4,30058.37,38,27,"2024-10-05",55,38062.1,-2059.4,-1140.7,34862,1449,0,0,2708.75,39019.75,29,26,18.181818181818183,-9.26,0.736,-291.88,-19.617,-100,,,-24.858,-22.966,31.03448275862069,3.8461538461538463
"2025-10-07",129,58847.43,-4267.74,-3602.26,50977.43,27,0,0,3823.52,54827.95,77,51,"2024-10-06",63,40325.36,-2379.9,-361.18,37584.28,27,0,0,2801.23,40412.51,41,22,104.76190476190476,45.931,-79.324,-897.358,35.634,0,,,36.494,35.67,87.8048780487805,131.8181818181818
"2025-10-08",145,50305,-6264.2,-466.31,43574.49,27,0,0,2776.08,46377.57,92,49,"2024-10-07",97,38558.04,-2361.67,-1955.9,34240.47,90,0,0,2411.89,36742.36,46,51,49.48453608247423,30.465,-165.244,76.158,27.26,-70,,,15.099,26.223,100,-3.9215686274509802
"2025-10-09",73,34407.84,-3731.51,-6683.83,23992.5,18,0,0,1634.58,25645.08,42,31,"2024-10-08",114,46347.1,-3539.01,-7461.33,35346.76,241,0,0,2411.93,37999.69,54,59,-35.96491228070175,-25.76,-5.439,10.42,-32.122,-92.531,,,-32.229,-32.512,-22.22222222222222,-47.45762711864407
"2025-10-10",99,45754.03,-5122.49,-1409.89,39221.65,20.08,0,0,2834.43,42076.16,61,38,"2024-10-09",80,30194.37,-2365.75,-834,26994.62,50,0,0,1871.27,28915.89,40,40,23.75,51.531,-116.527,-69.051,45.294,-59.84,,,51.47,45.512,52.5,-5
"2025-10-11",86,50691.47,-4544.41,-7669.18,38477.88,9,0,0,2991.82,41478.7,54,32,"2024-10-10",92,39969.36,-3101.3,-2369.35,34498.71,1110,0,0,2484.06,38092.77,53,37,-6.521739130434782,26.825,-46.532,-223.682,11.534,-99.189,,,20.44,8.888,1.8867924528301887,-13.513513513513514
"2025-10-12",106,48386.17,-6026.56,-959.7,41399.91,36,0,0,3024.2,44460.11,77,29,"2024-10-11",111,51245.35,-2567.2,-10118.02,38560.13,894,0,0,3087.56,42541.69,57,53,-4.504504504504505,-5.579,-134.752,90.514,7.364,-95.973,,,-2.052,4.509,35.08771929824562,-45.283018867924525
"2025-10-13",122,63830.84,-4700.04,-2570.13,56560.67,72,0,0,4539.8,61172.47,66,55,"2024-10-12",103,35078.73,-2044.83,-449,32584.9,153,0,0,2399.35,35137.25,33,69,18.446601941747574,81.964,-129.849,-472.412,73.579,-52.941,,,89.209,74.095,100,-20.28985507246377
"2025-10-14",127,71461.64,-10480.41,-2140.55,58840.68,1044,0,0,4813.36,64698.04,77,49,"2024-10-13",77,39780.55,-1705.83,0,38074.72,9,0,0,3008.66,41092.38,39,35,64.93506493506493,79.639,-514.387,,54.54,11500,,,59.983,57.445,97.43589743589743,40
"2025-10-15",125,55904.95,-5963.73,-14838.18,35103.04,47.14,0,0,2775.75,37925.93,81,44,"2024-10-14",99,50255.91,-3252.43,-699,46304.48,1122,0,0,3545.55,50972.03,55,43,26.262626262626263,11.24,-83.362,-2022.772,-24.19,-95.798,,,-21.711,-25.594,47.27272727272727,2.3255813953488373
"2025-10-16",143,55836.47,-9257.79,-3702.17,42876.51,9,0,0,3208.8,46094.31,97,44,"2024-10-15",112,52917.49,-2487.9,-3584.97,46844.62,48,0,0,3266.14,50158.76,51,61,27.678571428571427,5.516,-272.112,-3.269,-8.47,-81.25,,,-1.755,-8.103,90.19607843137256,-27.868852459016395
"2025-10-17",93,58424.94,-5972.01,-1317.46,51135.47,27,0,0,3851.75,55014.22,64,28,"2024-10-16",77,39452.36,-1108.9,-4339.25,34004.21,27,0,0,2632.3,36663.51,41,35,20.77922077922078,48.089,-438.552,69.638,50.379,0,,,46.326,50.051,56.09756097560975,-20
"2025-10-18",105,54025.8,-3450.01,-1265.1,49310.69,18,0,0,3648.65,52977.34,65,40,"2024-10-17",93,42407.59,-1722.75,-559.2,40125.64,228,0,0,3114.61,43468.25,50,42,12.903225806451612,27.396,-100.261,-126.233,22.89,-92.105,,,17.146,21.875,30,-4.761904761904762
"2025-10-19",74,34623.83,-3100.07,-1520.07,30003.69,18,0,0,2373.83,32395.52,53,20,"2024-10-18",98,46619.8,-1858.89,-8179.29,36581.62,45,0,0,3255.46,39882.08,53,43,-24.489795918367346,-25.731,-66.769,81.415,-17.981,-60,,,-27.081,-18.771,0,-53.48837209302326
"2025-10-20",99,47562,-4369.32,-2127.45,41065.23,9,0,0,3091.98,44166.21,69,29,"2024-10-19",71,38785.73,-2094.5,-3694.85,32996.38,943,0,0,2277.32,36216.7,41,30,39.436619718309856,22.627,-108.609,42.421,24.453,-99.045,,,35.772,21.949,68.29268292682927,-3.3333333333333335
"2025-10-21",126,52478.93,-3667.29,-5191.27,43620.37,54,0,0,3022.75,46697.12,73,50,"2024-10-20",75,43078,-2361.46,0,40716.54,27,0,0,2959.31,43702.85,48,27,68,21.823,-55.297,,7.131,100,,,2.143,6.851,52.083333333333336,85.18518518518519
"2025-10-22",125,56025.6,-5076.86,-3829.41,47119.33,48,0,0,3722.68,50890.01,88,37,"2024-10-21",101,55554.04,-4361.62,0,51192.42,63,0,0,3744.61,55000.03,65,35,23.762376237623762,0.848,-16.398,,-7.956,-23.809,,,-0.585,-7.472,35.38461538461539,5.714285714285714
"2025-10-23",127,62157.89,-5699.3,-7510.85,48947.74,36,0,0,4035.87,53019.61,75,51,"2024-10-22",110,45019.88,-3565.03,-6075.26,35379.59,45,0,0,2268.88,37693.47,61,48,15.454545454545455,38.067,-59.866,-23.63,38.35,-20,,,77.879,40.659,22.950819672131146,6.25
"2025-10-24",108,60008.03,-4513.63,-3619.44,51874.96,18,0,0,4073.89,55966.85,72,36,"2024-10-23",118,46527.86,-5650.66,-699,40178.2,27,0,0,2843.42,43048.62,61,57,-8.474576271186441,28.972,20.122,-417.802,29.112,-33.333,,,43.274,30.008,18.0327868852459,-36.8421052631579
"2025-10-25",109,50970.75,-5915.67,-36.7,45018.38,36,0,0,3178.09,48232.47,60,48,"2024-10-24",99,50869.48,-4927.26,-1317,44625.22,36,0,0,3463.18,48124.4,57,40,10.1010101010101,0.199,-20.06,97.213,0.881,0,,,-8.232,0.224,5.2631578947368425,20
"2025-10-26",104,67354.46,-8626.01,-7046.76,51681.69,972,0,0,4854.97,57508.66,74,29,"2024-10-25",139,48699.44,-3090.77,-3939.3,41669.37,54,0,0,3226.45,44949.82,74,65,-25.179856115107913,38.306,-179.089,-78.883,24.028,1700,,,50.474,27.939,0,-55.38461538461539
"2025-10-27",107,60304.07,-6738.65,-16372.45,37192.97,36,0,0,2941.25,40170.22,73,34,"2024-10-26",118,59381.05,-3632.71,-12325.67,43422.67,921,0,0,3268.95,47612.62,67,50,-9.322033898305085,1.554,-85.499,-32.832,-14.346,-96.091,,,-10.024,-15.631,8.955223880597014,-32
"2025-10-28",111,63442.79,-5232.69,0,58210.1,45,0,0,4017.63,62272.73,70,41,"2024-10-27",69,34941.09,-3172.3,-777.66,30991.13,45,0,0,2075.59,33111.72,42,27,60.869565217391305,81.57,-64.949,100,87.828,0,,,93.565,88.068,66.66666666666667,51.851851851851855
"2025-10-29",113,67632.2,-6137.98,-2912.89,58581.33,18,0,0,4380.16,62979.49,72,41,"2024-10-28",99,51261.52,-6226.07,-1078.2,43957.25,73,0,0,3381.28,47411.53,58,41,14.141414141414142,31.935,1.414,-170.162,33.268,-75.342,,,29.541,32.835,24.137931034482758,0
"2025-10-30",108,55206.63,-4998.47,-3179.4,47028.76,75,0,0,3670.89,50774.65,69,37,"2024-10-29",110,47684.33,-3830.62,-1113.1,42740.61,18,0,0,3070.62,45829.23,53,55,-1.8181818181818181,15.775,-30.487,-185.634,10.032,316.666,,,19.548,10.79,30.18867924528302,-32.72727272727273
"2025-10-31",105,50373.41,-3723.78,-8969.56,37680.07,36,0,0,2925.31,40641.38,62,43,"2024-10-30",103,55390.3,-4366.85,-2493.18,48530.27,100,0,0,3498.02,52128.29,62,41,1.941747572815534,-9.057,14.726,-259.763,-22.357,-64,,,-16.372,-22.035,0,4.878048780487805
"2025-11-01",109,73297.53,-4531.75,-0.98,68764.8,63,0,0,5201.81,74029.61,63,43,"2024-10-31",69,40144.85,-1933.73,-512.65,37698.47,87,0,0,2740.15,40525.62,41,27,57.971014492753625,82.582,-134.352,99.808,82.407,-27.586,,,89.836,82.673,53.65853658536585,59.25925925925926
"2025-11-02",115,65005.22,-3914.39,-4072.36,57018.47,72,0,0,4566.8,61657.27,75,39,"2024-11-01",123,60553.55,-3162.85,-11172.82,46217.88,27,0,0,3354.54,49599.42,69,53,-6.504065040650406,7.351,-23.761,63.551,23.368,166.666,,,36.137,24.31,8.695652173913043,-26.41509433962264
"2025-11-03",118,59421.13,-4183.58,-10482.96,44754.59,-963,0,0,4024.79,47816.38,76,42,"2024-11-02",91,60496.24,-4687.95,-2184.5,53623.79,36,0,0,3762.21,57422,58,33,29.67032967032967,-1.777,10.758,-379.879,-16.539,-2775,,,6.979,-16.728,31.03448275862069,27.272727272727273
"2025-11-04",124,46671.22,-4398.3,-10399.93,31872.99,36,0,0,2343.61,34252.6,77,44,"2024-11-03",92,69229.32,-3057.37,-799,65372.95,876,0,0,4944.05,71193,64,27,34.78260869565217,-32.584,-43.858,-1201.618,-51.244,-95.89,,,-52.597,-51.887,20.3125,62.96296296296296
"2025-11-05",112,60435.91,-5112.38,-7197.62,48125.91,18,0,0,3926.26,52070.17,72,39,"2024-11-04",102,54458.35,-2760.7,-13111.8,38585.85,-822,0,0,2638.28,40402.13,67,35,9.803921568627452,10.976,-85.184,45.105,24.724,102.189,,,48.818,28.879,7.462686567164179,11.428571428571429
"2025-11-06",127,69132.37,-11360.95,-2429.01,55342.41,27,0,0,4166.72,59536.13,81,46,"2024-11-05",99,38163.28,-2087.05,-1842.1,34234.13,18,0,0,2610.23,36862.36,51,46,28.282828282828284,81.148,-444.354,-31.86,61.658,50,,,59.63,61.509,58.8235294117647,0
"2025-11-07",121,72693.47,-8890.54,-3460.97,60341.96,1008,0,0,4435.57,65785.53,79,41,"2024-11-06",111,64474.73,-5895.04,-793,57786.69,61,0,0,3636.54,61484.23,60,50,9.00900900900901,12.747,-50.813,-336.44,4.421,1552.459,,,21.972,6.995,31.666666666666668,-18
"2025-11-08",114,70356.62,-6553.13,-1404,62399.49,9,0,0,4851.62,67260.11,74,40,"2024-11-07",176,99828.27,-11805.73,-427.73,87594.81,36,0,0,6708.43,94339.24,97,78,-35.22727272727273,-29.522,44.491,-228.244,-28.763,-75,,,-27.678,-28.703,-23.711340206185568,-48.717948717948715
"2025-11-09",99,62734.63,-3103.45,-66.15,59565.03,0,0,0,4671.51,64236.54,72,27,"2024-11-08",478,342149.12,-63160.83,-11779.8,267208.49,2001,0,0,19066.22,288275.71,283,187,-79.2887029288703,-81.664,95.086,99.438,-77.708,-100,,,-75.498,-77.716,-74.5583038869258,-85.56149732620321
"2025-11-10",126,59816.05,-5649.73,-6210.01,47956.31,54,0,0,4434.05,52444.36,85,41,"2024-11-09",309,217157.65,-33955.09,-2756.73,180445.83,917,0,0,13270.47,194633.3,206,102,-59.22330097087379,-72.455,83.361,-125.267,-73.423,-94.111,,,-66.587,-73.054,-58.737864077669904,-59.80392156862745
"2025-11-11",123,66572.37,-4817.48,-3426.6,58328.29,54,0,0,4414.28,62796.57,86,37,"2024-11-10",323,215020.18,-36556.99,-2546.25,175916.94,1930,0,0,12604.48,190451.42,218,104,-61.919504643962846,-69.039,86.822,-34.574,-66.843,-97.202,,,-64.978,-67.027,-60.55045871559633,-64.42307692307692
"2025-11-12",134,81995.48,-9041.71,-20656.42,52297.35,100,0,0,4491.29,56888.64,85,46,"2024-11-11",298,200873.19,-28785.87,-5729.2,166358.12,45,0,0,12376.46,178779.58,195,100,-55.033557046979865,-59.18,68.589,-260.546,-68.563,122.222,,,-63.711,-68.179,-56.41025641025641,-54
"2025-11-13",332,204044.37,-23552.03,-4066.61,176425.73,127,0,0,14212.11,190764.84,197,132,"2024-11-12",305,177219.16,-30036.31,-7272.08,139910.77,75,0,0,11060.84,151046.61,190,115,8.852459016393443,15.136,21.588,44.079,26.098,69.333,,,28.49,26.295,3.6842105263157894,14.782608695652174
"2025-11-14",381,239715.72,-27617.74,-3824.21,208273.77,153,0,0,17250.46,225677.23,253,121,"2024-11-13",274,166950.3,-27015.33,-3043,136891.97,962,0,0,10257.49,148111.46,162,110,39.051094890510946,43.585,-2.229,-25.672,52.144,-84.095,,,68.174,52.369,56.17283950617284,10
"2025-11-15",340,235319.98,-29738.5,-5135.02,200446.46,944,0,0,15037.32,216427.78,231,108,"2024-11-14",272,150180.57,-20955.43,-1674,127551.14,27,0,0,9194.15,136772.29,173,98,25,56.691,-41.913,-206.751,57.149,3396.296,,,63.553,58.239,33.52601156069364,10.204081632653061
"2025-11-16",366,230997.93,-26797.03,-3422.35,200778.55,81,0,0,15822.36,216681.91,259,104,"2024-11-15",270,153866.71,-22914.77,-7047.78,123904.16,9,0,0,8846.56,132759.72,177,93,35.55555555555556,50.128,-16.942,51.44,62.043,800,,,78.853,63.213,46.32768361581921,11.827956989247312
"2025-11-17",114,80814.02,-10087.33,-6013.77,64712.92,36,0,0,6054.06,70802.98,80,34,"2024-11-16",248,152723,-21627.53,-359.2,130736.27,84,0,0,9766.1,140586.37,164,80,31.03448275862069,46.382,-25.951,,37.107,300,,,79.351,39.973,50.943396226415096,9.67741935483871
,0,0,0,0,0,0,0,0,0,0,0,0,"2024-11-17",263,164212.79,-23588.91,-3686.6,136937.28,72,0,0,9799.06,146808.34,177,85,,,,,,,,,,,,
