"Day","Orders","Gross sales","Discounts","Returns","Net sales","Shipping charges","Duties","Additional fees","Taxes","Total sales","Day (previous_year)","Orders (previous_year)","Gross sales (previous_year)","Discounts (previous_year)","Returns (previous_year)","Net sales (previous_year)","Shipping charges (previous_year)","Duties (previous_year)","Additional fees (previous_year)","Taxes (previous_year)","Total sales (previous_year)"
"2025-01-01",575,399740.29,-49764.84,0,349975.45,650,0,0,25404.15,376029.6,"2024-01-01",401,278125.53,-15441.16,-1100.75,261583.62,1842,0,0,19085.03,282510.65
"2025-01-02",420,234462.2,-30987.82,-50328.39,153145.99,152,0,0,11382.95,164680.94,"2024-01-02",277,173195.93,-8146.77,-30781.16,134268,63,0,0,9150.14,143481.14
"2025-01-03",308,180382.26,-19648.36,-740.2,159993.7,100,0,0,11356.35,171450.05,"2024-01-03",244,151772.41,-12028.06,-6647.45,133096.9,18,0,0,9781.66,142896.56
"2025-01-04",209,127154.05,-8566.78,-22011.45,96575.82,99,0,0,7740.78,104415.6,"2024-01-04",215,103286.91,-8060.22,-14167.24,81059.45,52,0,0,5803.96,86915.41
"2025-01-05",204,124488.28,-6771.39,-82.37,117634.52,45,0,0,8252.44,125931.96,"2024-01-05",212,103795.21,-7372.65,-27474.1,68948.46,18,0,0,4864.97,73831.43
"2025-01-06",247,136888.79,-6109.57,-4987.98,125791.24,127,0,0,9520.11,135438.35,"2024-01-06",177,105792.24,-5514.7,-11398.24,88879.3,1053,0,0,6070,96002.3
"2025-01-07",251,128927.03,-8020.85,-7441.98,113464.2,90,0,0,8348.73,121902.93,"2024-01-07",186,111590.87,-4494.84,-1301.64,105794.39,1129,0,0,6874.08,113797.47
"2025-01-08",200,103290.4,-6603.16,-41395.61,55291.63,75,0,0,4377.57,59744.2,"2024-01-08",178,107621.65,-5355.02,-5111.4,97155.23,64,0,0,6843.53,104062.76
"2025-01-09",183,109413.16,-5665.15,-30170.96,73577.05,64,0,0,5323.88,78964.93,"2024-01-09",221,109246.49,-5420.91,-15344.37,88481.21,210,0,0,6346.19,95037.4
"2025-01-10",186,106378.25,-7641.11,-36460.36,62276.78,1019.1,0,0,4537.11,67832.99,"2024-01-10",181,117153.47,-10464.01,-18349.69,88339.77,1867,0,0,6838.94,97045.71
"2025-01-11",170,100029.97,-6403.89,-8200.08,85426,953,0,0,6355.88,92734.88,"2024-01-11",170,90741.79,-5840.58,-8497.3,76403.91,28.63,0,0,5507.74,81940.28
"2025-01-12",198,106371.29,-5531.07,-2172.57,98667.65,45,0,0,7526.96,106239.61,"2024-01-12",163,69995.77,-5056.47,-43977.49,20961.81,159,0,0,1383.15,22503.96
"2025-01-13",188,106892.58,-7899.15,-41916.15,57077.28,18,0,0,4359.4,61454.68,"2024-01-13",156,97071.27,-5114.74,-5644.13,86312.4,75,0,0,6029.37,92416.77
"2025-01-14",169,99882.97,-5441.02,-13000.82,81441.13,36,0,0,6069.66,87546.79,"2024-01-14",174,120972.07,-6578.2,-9202.75,105191.12,876,0,0,7358.22,113425.34
"2025-01-15",192,90688.64,-3379.22,-21721.41,65588.01,45,0,0,4854.6,70487.61,"2024-01-15",197,131415.99,-6568.34,0,124847.65,63,0,0,8933.67,133844.32
"2025-01-16",186,107040.49,-5948.55,-1210.64,99881.3,1179.5,0,0,7512.9,108573.7,"2024-01-16",180,105473.78,-7462.6,-20747.36,77263.82,63,0,0,5947.76,83274.58
"2025-01-17",223,132083.86,-9245.25,-37380.35,85458.26,1442,0,0,6948.58,93848.84,"2024-01-17",173,105922.25,-5370.69,-1444.4,99107.16,1074,0,0,6864.37,107045.53
"2025-01-18",175,92007.55,-5566.92,-43492.69,42947.94,963,0,0,3172.02,47082.96,"2024-01-18",183,102563.96,-9071.63,-56979.52,36512.81,18,0,0,3191.52,39722.33
"2025-01-19",219,121819.93,-6811.28,-23057.38,91951.27,917,0,0,6925.17,99793.44,"2024-01-19",234,119045.97,-6777.12,-50394.55,61874.3,9,0,0,4479.82,66363.12
"2025-01-20",198,117624.6,-5400.7,-516.8,111707.1,27,0,0,7984.6,119718.7,"2024-01-20",167,114118.38,-6265.27,-2932,104921.11,82,0,0,7501.3,112504.41
"2025-01-21",194,109977.61,-5689.29,-3305.42,100982.9,944,0,0,7439.89,109366.79,"2024-01-21",214,131515.55,-5947.72,-3800.15,121767.68,18,0,0,8415.96,130201.64
"2025-01-22",208,93214.37,-5490.97,-17360.51,70362.89,45,0,0,5472.57,75880.46,"2024-01-22",157,86342.55,-5487.45,-4104.21,76750.89,469.5,0,0,5329.48,82549.87
"2025-01-23",234,112460.79,-4146.65,-26659.98,81654.16,63,0,0,6080.35,87797.51,"2024-01-23",180,97602.66,-4975.77,-28578.18,64048.71,-415.5,0,0,4853.85,68487.06
"2025-01-24",224,105409.82,-8245.11,-449,96715.71,63,0,0,6996.9,103775.61,"2024-01-24",174,88410.02,-6264.9,-8338.7,73806.42,36,0,0,5216.68,79059.1
"2025-01-25",221,105680,-6030.07,-34472.63,65177.3,63,0,0,5085.13,70325.43,"2024-01-25",190,103141.52,-5709.25,-18895.6,78536.67,27,0,0,5055.88,83619.55
"2025-01-26",172,102949.94,-5288.58,-1100.14,96561.22,63,0,0,6936.32,103560.54,"2024-01-26",170,98800.56,-6581.42,-47089.9,45129.24,66,0,0,3304.35,48499.59
"2025-01-27",183,88128.37,-4356.61,-449,83322.76,99,0,0,6121.26,89543.02,"2024-01-27",150,93130.15,-5113.89,-5456.6,82559.66,83.59,0,0,4863.39,87506.64
"2025-01-28",213,104193.1,-6298.39,-27395.05,70499.66,54,0,0,5790.86,76344.52,"2024-01-28",150,97362.11,-5918.79,-2928.3,88515.02,54,0,0,6096.26,94665.28
"2025-01-29",200,95747.91,-4982.01,-14243.74,76522.16,36,0,0,5898.36,82456.52,"2024-01-29",213,118642.21,-6826.71,-8980.91,102834.59,91,0,0,7526.21,110451.8
"2025-01-30",194,85517.96,-4572.83,-14869.19,66075.94,90,0,0,4867.89,71033.83,"2024-01-30",174,92172.75,-6057.66,-12613.61,73501.48,-1.41,0,0,5460.33,78960.4
"2025-01-31",185,95072.48,-8278.83,-56348.07,30445.58,72,0,0,3344.84,33862.42,"2024-01-31",184,108157.86,-8308.71,-9897.22,89951.93,36,0,0,6730.4,96718.33
"2025-02-01",167,92291.95,-4203.21,-6549.57,81539.17,36,0,0,5760.77,87335.94,"2024-02-01",207,115368.51,-8109.84,-29021.84,78236.83,1035,0,0,5459.91,84731.74
"2025-02-02",197,100998.7,-4935.2,-6181,89882.5,63,0,0,6545.1,96490.6,"2024-02-02",190,105790.14,-7176.29,-34678.73,63935.12,125.75,0,0,4237.41,68298.28
"2025-02-03",182,94994,-6573.49,-15713.79,72706.72,120,0,0,5686.06,78512.78,"2024-02-03",130,89804.7,-5376.14,-13914.69,70513.87,45,0,0,4832.71,75391.58
"2025-02-04",167,92812.69,-6577.3,-5751.72,80483.67,109,0,0,6265.29,86857.96,"2024-02-04",161,97929.8,-6510.01,-4949.25,86470.54,146,0,0,6190.86,92807.4
"2025-02-05",159,96617.24,-8009.41,-36448.46,52159.37,963,0,0,4343.72,57466.09,"2024-02-05",197,117700.1,-5891.35,-22342.71,89466.04,1930,0,0,6753.17,98149.21
"2025-02-06",204,86229.46,-7538.15,-427.98,78263.33,54,0,0,5775.74,84093.07,"2024-02-06",172,101626.52,-5328.88,-9698.07,86599.57,1654.88,0,0,6048.56,94303.01
"2025-02-07",134,65905.44,-4179.97,-21244.31,40481.16,84,0,0,2660.91,43226.07,"2024-02-07",145,90071.23,-4971.98,-12852.2,72247.05,18,0,0,4803.92,77068.97
"2025-02-08",180,79019.02,-5222.02,-8523.24,65273.76,102,0,0,4764.74,70140.5,"2024-02-08",205,101399.71,-6015.4,-51227.21,44157.1,-521.5,0,0,3006.31,46641.91
"2025-02-09",177,102952.52,-6419.62,-1406.07,95126.83,90,0,0,6996.6,102213.43,"2024-02-09",188,112151.31,-7909.5,-1496.95,102744.86,200,0,0,7314.61,110259.47
"2025-02-10",174,78867.58,-4051.29,-4994.75,69821.54,45,0,0,5436.74,75303.28,"2024-02-10",176,101220.99,-6436.77,-19156.28,75627.94,107,0,0,5108.14,80843.08
"2025-02-11",180,105743.98,-7169.48,0,98574.5,127,0,0,6991.77,105693.27,"2024-02-11",145,87364.66,-4651.69,-15089.7,67623.27,36,0,0,4878.55,72537.82
"2025-02-12",185,101858.69,-5617.19,-13086.68,83154.82,27,0,0,6224.03,89405.85,"2024-02-12",166,98565.55,-6643.78,-2720,89201.77,207,0,0,6328.07,95736.84
"2025-02-13",171,87246.36,-4507.52,-9658.02,73080.82,27,0,0,5854.3,78962.12,"2024-02-13",170,103767.26,-4664.07,-14056.82,85046.37,1029,0,0,6129.49,92204.86
"2025-02-14",142,88759.13,-8378.46,-39323.51,41057.16,976.07,0,0,3411.18,45444.41,"2024-02-14",180,90991.37,-6236.95,-1330.46,83423.96,45,0,0,6095.34,89564.3
"2025-02-15",158,61879.63,-3612.46,-12956.86,45310.31,36,0,0,2973.98,48320.29,"2024-02-15",178,85224.08,-6515.75,-26739.51,51968.82,54,0,0,3797.31,55820.13
"2025-02-16",157,99755.74,-5747.01,-2552.18,91456.55,926,0,0,7167.2,99549.75,"2024-02-16",221,130925.71,-11168.13,-5886.35,113871.23,72,0,0,8012.49,121955.72
"2025-02-17",180,113053.17,-5298.81,-2012.18,105742.18,64.5,0,0,7907.6,113714.28,"2024-02-17",240,142536.24,-10573.01,-2061.8,129901.43,1175,0,0,9042.36,140118.79
"2025-02-18",164,80280.58,-5204.94,-11578.51,63497.13,72,0,0,4653.92,68223.05,"2024-02-18",227,133373.86,-9793.25,-3784.56,119796.05,128,0,0,8859.82,128783.87
"2025-02-19",155,67074.44,-4844.39,-21955.98,40274.07,54,0,0,3305.61,43633.68,"2024-02-19",303,199536.04,-19037.51,0,180498.53,27,0,0,12757.59,193283.12
"2025-02-20",141,75826.4,-3747.35,-3263.35,68815.7,81,0,0,4878.51,73775.21,"2024-02-20",166,85464.18,-5606.38,-24776.84,55080.96,18,0,0,4521.85,59620.81
"2025-02-21",178,85858.36,-7806.12,-17302.58,60749.66,27,0,0,4899.99,65676.65,"2024-02-21",158,88893.93,-4093.68,-4767.65,80032.6,1026,0,0,5933.86,86992.46
"2025-02-22",141,84491.25,-6430.34,-2138.07,75922.84,75,0,0,5573.12,81570.96,"2024-02-22",149,73360.98,-5002.91,-5935.35,62422.72,18,0,0,4599.03,67039.75
"2025-02-23",122,64978.31,-3902.79,-1085.05,59990.47,90,0,0,4441.92,64522.39,"2024-02-23",230,96416.72,-8055.43,-20454.01,67907.28,96,0,0,4612.58,72615.86
"2025-02-24",163,86762.75,-4643.57,-2928.98,79190.2,99,0,0,5843.88,85133.08,"2024-02-24",149,82480.4,-4796.8,-24805.58,52878.02,885,0,0,3979.13,57742.15
"2025-02-25",149,69831.64,-4445.08,-26683.18,38703.38,54,0,0,2506.85,41264.23,"2024-02-25",139,74424,-5063.37,-2878.16,66482.47,1035,0,0,4651.71,72169.18
"2025-02-26",155,75652.25,-3796.42,-1778,70077.83,111,0,0,5070.83,75259.66,"2024-02-26",174,102001.04,-9171.14,-1940.65,90889.25,2560.28,0,0,6706.38,100155.91
"2025-02-27",137,82385.49,-8983.32,-9781.61,63620.56,1961,0,0,4779.61,70361.17,"2024-02-27",287,99017.66,-6828.87,-9084.7,83104.09,265,0,0,5998.34,89367.43
"2025-02-28",146,69949.61,-3231.5,-2450.24,64267.87,81,0,0,4732.95,69081.82,"2024-02-28",173,94795.85,-5052.84,-8113.95,81629.06,45,0,0,6104,87778.06
"2025-03-01",122,56526.01,-2430.77,-4135.52,49959.72,27,0,0,3503.79,53490.51,"2024-02-29",179,87578.09,-5777.25,-10770.55,71030.29,233,0,0,5046.05,76309.34
"2025-03-02",127,69065.66,-3638.34,-7011.26,58416.06,36,0,0,3982.84,62434.9,"2024-03-01",169,81440.77,-6950.51,-2401.95,72088.31,27,0,0,5151.54,77266.85
"2025-03-03",142,72157.87,-5133.61,-1819,65205.26,1035,0,0,5056.35,71296.61,"2024-03-02",126,87287.73,-4593.19,-2801.77,79892.77,36,0,0,5613.45,85542.22
"2025-03-04",174,89977.53,-5260.52,-15528.44,69188.57,81,0,0,5312.55,74582.12,"2024-03-03",145,99804.63,-6490.06,-8559.95,84754.62,1038,0,0,6324.96,92117.58
"2025-03-05",146,74362.85,-4440.11,-4073.03,65849.71,54,0,0,4759.26,70662.97,"2024-03-04",138,84260,-4939.04,-7954.26,71366.7,57,0,0,5014.07,76437.77
"2025-03-06",123,94408.87,-5885,-12731.73,75792.14,1916,0,0,6025.3,83733.44,"2024-03-05",161,82884.92,-4125.45,-10935.81,67823.66,203,0,0,4364.03,72390.69
"2025-03-07",241,79150.72,-3906.48,-4486.05,70758.19,27,0,0,4844.9,75630.09,"2024-03-06",160,74656.05,-5291.91,-5796.75,63567.39,170,0,0,4994.75,68732.14
"2025-03-08",137,79867.08,-3011.42,-5741.08,71114.58,9,0,0,5589.38,76712.96,"2024-03-07",112,64687.7,-4481.5,-13601.19,46605.01,27,0,0,3765.27,50397.28
"2025-03-09",141,90164.83,-4385.85,0,85778.98,67,0,0,6324.44,92170.42,"2024-03-08",198,90356.79,-4621.92,-22314.09,63420.78,873,0,0,4458.95,68752.73
"2025-03-10",134,73272.22,-4567.91,-11193.96,57510.35,963.75,0,0,4338.51,62812.61,"2024-03-09",130,81248.22,-6272.62,-17034.01,57941.59,27,0,0,4313.91,62282.5
"2025-03-11",115,54706.4,-2909.03,0,51797.37,109,0,0,3835.73,55742.1,"2024-03-10",134,82372.42,-4711.03,-4496.84,73164.55,9,0,0,5012.15,78185.7
"2025-03-12",162,72176.52,-3882.95,-2533.46,65760.11,45,0,0,4501.31,70306.42,"2024-03-11",119,79168.76,-6150.04,-5161.4,67857.32,9,0,0,4758.57,72624.89
"2025-03-13",120,54369.7,-2691.15,-17252.69,34425.86,148,0,0,2564.89,37138.75,"2024-03-12",137,74383.99,-5267.03,-6176.66,62940.3,48,0,0,4725.43,67713.73
"2025-03-14",159,83497.26,-3875.28,-4019.16,75602.82,63,0,0,6426.54,82092.36,"2024-03-13",143,71087.56,-4324.15,-1955.45,64807.96,191,0,0,4162.33,69161.29
"2025-03-15",111,68135.91,-3262.93,-7163.26,57709.72,45,0,0,4014.14,61768.86,"2024-03-14",159,80971.48,-5620.41,-2001.69,73349.38,885,0,0,4806.01,79040.39
"2025-03-16",144,85853.2,-4771.91,-281.05,80800.24,102,0,0,6408.34,87310.58,"2024-03-15",200,95524.8,-8864.45,-15058.07,71602.28,54,0,0,4940.17,76596.45
"2025-03-17",132,72676.59,-3840.78,-3505.31,65330.5,18,0,0,5037.64,70386.14,"2024-03-16",141,80352.25,-7855.67,-2016.2,70480.38,105,0,0,5209.83,75795.21
"2025-03-18",122,60532.02,-2825.39,-10726.16,46980.47,45,0,0,3380.34,50405.81,"2024-03-17",318,188603.09,-26296.25,-3117.68,159189.16,161,0,0,10733.38,170083.54
"2025-03-19",128,73160.01,-4751.3,-8180.58,60228.13,48,0,0,4583.51,64859.64,"2024-03-18",208,127099.82,-15528.59,-14891.49,96679.74,108.39,0,0,6556.3,103344.43
"2025-03-20",134,66160.59,-3696.99,-2747.01,59716.59,91.79,0,0,4363.22,64171.6,"2024-03-19",158,107548.86,-6041.92,-20464.44,81042.5,1060,0,0,5868.89,87971.39
"2025-03-21",195,95188.13,-10347.52,-7215.31,77625.3,54,0,0,5756.45,83435.75,"2024-03-20",129,74929.06,-3454.53,-299.6,71174.93,323,0,0,4856.5,76354.43
"2025-03-22",265,139183.74,-20703.76,-5187.25,113292.73,72,0,0,7969.27,121334,"2024-03-21",156,73828.47,-6343.78,-1855.24,65629.45,18,0,0,4930.99,70578.44
"2025-03-23",424,241372.06,-37096.48,-850.23,203425.35,1921,0,0,15300.86,220647.21,"2024-03-22",134,64723.43,-3233.28,-23474.02,38016.13,66,0,0,1987.22,40069.35
"2025-03-24",186,97197.82,-12870.42,-4119.32,80208.08,998,0,0,5778.73,86984.81,"2024-03-23",129,87572.58,-5150.73,-3474,78947.85,1008,0,0,5461.02,85416.87
"2025-03-25",154,59843.66,-2374.2,-10313.6,47155.86,90,0,0,3621.95,50867.81,"2024-03-24",114,84089.88,-3672.2,-3794.43,76623.25,1082,0,0,5417.84,83123.09
"2025-03-26",111,55068.62,-3317.9,0,51750.72,54,0,0,3689.88,55494.6,"2024-03-25",109,76242.07,-4159.3,-3654.52,68428.25,1866,0,0,5311.98,75606.23
"2025-03-27",168,90667.64,-6424.32,-3997.17,80246.15,1044,0,0,5714.18,87004.33,"2024-03-26",121,81590.28,-4532.35,-17989.39,59068.54,1939,0,0,3780.43,64787.97
"2025-03-28",149,53145.03,-2983.37,-8386.92,41774.74,45,0,0,3538.26,45358,"2024-03-27",128,69840.63,-5344.29,-2497.4,61998.94,224,0,0,4668.5,66891.44
"2025-03-29",111,57422.01,-3393.44,-1805.63,52222.94,36,0,0,4128.25,56387.19,"2024-03-28",123,79596.25,-5264.65,-4113.6,70218,36,0,0,4854.99,75108.99
"2025-03-30",114,60128.66,-3315.12,0,56813.54,63,0,0,4148.4,61024.94,"2024-03-29",132,78908.57,-4520.64,-7379.02,67008.91,45,0,0,4587.05,71640.96
"2025-03-31",124,57352.15,-3337.17,-2489.95,51525.03,27,0,0,3564.77,55116.8,"2024-03-30",134,66956.74,-4996.35,-10776.57,51183.82,36,0,0,3679.47,54899.29
"2025-04-01",113,53813.3,-2416.45,-4291.86,47104.99,27,0,0,3760.82,50892.81,"2024-03-31",107,79351.6,-5240.14,-349,73762.46,9,0,0,4844.55,78616.01
"2025-04-02",140,72843.03,-3032.26,-13325.35,56485.42,1295,0,0,3022.39,60802.81,"2024-04-01",110,78492.23,-4016.64,0,74475.59,232,0,0,5209.38,79916.97
"2025-04-03",131,76214.13,-3784,-2744.44,69685.69,965,0,0,5207.26,75857.95,"2024-04-02",138,69159.77,-3566.88,-11928.09,53664.8,197,0,0,3779.1,57640.9
"2025-04-04",145,62122.01,-2873.64,-4175.44,55072.93,54,0,0,4210.95,59337.88,"2024-04-03",135,89385.02,-6222.47,-7744.8,75417.75,2691.9,0,0,5626.59,83736.24
"2025-04-05",110,57890.21,-3163.69,-2052.8,52673.72,27,0,0,4063.86,56764.58,"2024-04-04",120,83698.17,-6029.45,-5610.95,72057.77,66,0,0,4803.45,76927.22
"2025-04-06",108,61882.25,-3252.79,0,58629.46,45,0,0,4242.59,62917.05,"2024-04-05",161,96527.46,-6211.53,-15494.51,74821.42,1752,0,0,5727.52,82300.94
"2025-04-07",110,57293.39,-4817.33,-5006.31,47469.75,90,0,0,3612.23,51171.98,"2024-04-06",126,77468.66,-4595.15,-4314.69,68558.82,18,0,0,4993.35,73570.17
"2025-04-08",130,62613.22,-3031.15,-17855.86,41726.21,72,0,0,2808.55,44606.76,"2024-04-07",137,74053.86,-4785.09,-15467.25,53801.52,27,0,0,4007.82,57836.34
"2025-04-09",111,58599.56,-2182.96,-5572.83,50843.77,36,0,0,4005.55,54885.32,"2024-04-08",138,87016.61,-4387.46,-3845,78784.15,64,0,0,5710.83,84558.98
"2025-04-10",118,54665.49,-3995.45,73.5,50743.54,683,0,0,3977.24,55403.78,"2024-04-09",128,75606.71,-3111.4,-11119.68,61375.63,18,0,0,4426.29,65819.92
"2025-04-11",108,67514.27,-2606.1,-2021.19,62886.98,927.9,0,0,4809.39,68624.27,"2024-04-10",146,93960.7,-7573.71,-4575.42,81811.57,9,0,0,5510.31,87330.88
"2025-04-12",126,62634.63,-4285.36,-2699.33,55649.94,45,0,0,4463.5,60158.44,"2024-04-11",167,77919.44,-5680.17,-7641.94,64597.33,304,0,0,4525.33,69426.66
"2025-04-13",112,65140.65,-4450.6,-412.2,60277.85,36,0,0,4726.05,65039.9,"2024-04-12",169,81058.22,-4818.79,-18413.07,57826.36,9,0,0,3783.05,61618.41
"2025-04-14",118,55769.49,-4049.51,-6467.15,45252.83,54,0,0,2888.11,48194.94,"2024-04-13",139,82678.93,-5596.63,-2150.09,74932.21,36,0,0,5126.49,80094.7
"2025-04-15",112,59779.64,-3737.15,-18513.32,37529.17,81,0,0,2396.97,40007.14,"2024-04-14",112,77831.12,-5038.44,-9049.92,63742.76,19.38,0,0,4648.85,68410.99
"2025-04-16",110,56149.9,-2420.33,-2085.5,51644.07,18,0,0,3628.23,55290.3,"2024-04-15",125,76806.84,-5080.55,-21650.14,50076.15,18,0,0,4648.71,54742.86
"2025-04-17",95,53160.86,-2867.11,-3937.4,46356.35,18,0,0,3411.45,49785.8,"2024-04-16",113,69446.17,-4603.07,-10010.15,54832.95,45,0,0,4345.51,59223.46
"2025-04-18",112,56248.52,-3149.88,-1518.51,51580.13,45,0,0,3655.06,55280.19,"2024-04-17",133,79402.39,-5521.87,-1937.93,71942.59,196,0,0,4699.54,76838.13
"2025-04-19",121,65494.83,-4114.1,-859.07,60521.66,63,0,0,4761.9,65346.56,"2024-04-18",139,58398.19,-3776.15,-18985.17,35636.87,185,0,0,2558.92,38380.79
"2025-04-20",110,77095.53,-3923.32,-4247.81,68924.4,27,0,0,5462.55,74413.95,"2024-04-19",243,110299.7,-11775.45,-19642.4,78881.85,18,0,0,5620.52,84520.37
"2025-04-21",95,61494.72,-2905.88,-1238,57350.84,54,0,0,4246.9,61651.74,"2024-04-20",146,100778.55,-9634.32,-3452.95,87691.28,105,0,0,5978.15,93774.43
"2025-04-22",115,56644.61,-3088.94,-16832.07,36723.6,48,0,0,3116.49,39888.09,"2024-04-21",149,80392.19,-8446.85,-4431.35,67513.99,75,0,0,4834.94,72423.93
"2025-04-23",133,54916.16,-3087.91,-3455.28,48372.97,27,0,0,3704.94,52104.91,"2024-04-22",159,106161.1,-9443.86,-4738.41,91978.83,18,0,0,6521.86,98518.69
"2025-04-24",144,65497.47,-2696.35,-3006.05,59795.07,81,0,0,4144.85,64020.92,"2024-04-23",140,68164.13,-7722.16,-7431.01,53010.96,167,0,0,3581.72,56759.68
"2025-04-25",124,68438.24,-3139.49,-877.99,64420.76,27,0,0,4669.97,69117.73,"2024-04-24",180,99041.17,-9102.63,-3884.05,86054.49,72,0,0,6525.12,92651.61
"2025-04-26",108,54602.18,-2186.07,-6878.68,45537.43,54,0,0,3336.56,48927.99,"2024-04-25",183,89694.63,-9725.77,-5711.8,74257.06,9,0,0,5155.97,79422.03
"2025-04-27",273,147841.87,-20566.38,-1070.55,126204.94,998,0,0,9766.97,136969.91,"2024-04-26",197,82359.72,-9736.47,-5078.7,67544.55,36,0,0,5081.58,72662.13
"2025-04-28",261,132249.83,-16442.71,-3553.23,112253.89,1064.14,0,0,8338.12,121656.15,"2024-04-27",162,87984.28,-8867.5,-1635.35,77481.43,36,0,0,5431.12,82948.55
"2025-04-29",235,127346.31,-18921.87,-8161.77,100262.67,964.16,0,0,7860.93,109087.76,"2024-04-28",414,109617.03,-10844.57,-2113.16,96659.3,263,0,0,6902.93,103825.23
"2025-04-30",191,104175.87,-11430.87,-2193.93,90551.07,36,0,0,6587.25,97174.32,"2024-04-29",225,108678.54,-10468.46,-3439.32,94770.76,134,0,0,6801.23,101705.99
"2025-05-01",283,149215.34,-18106.85,-239.55,130868.94,99,0,0,9691.92,140659.86,"2024-04-30",231,134127.42,-13516.06,-10580.43,110030.93,67.43,0,0,7464.43,117562.79
"2025-05-02",263,149312.02,-21303.66,-9556.42,118451.94,189,0,0,9022.35,127663.29,"2024-05-01",209,99658.79,-10623.87,-5346.74,83688.18,102,0,0,5674.7,89464.88
"2025-05-03",216,120900.95,-14022.06,-1638.03,105240.86,36,0,0,7856.9,113133.76,"2024-05-02",227,118627.33,-13091.18,-13097.58,92438.57,27,0,0,6758.53,99224.1
"2025-05-04",344,182850.36,-23813.9,-773,158263.46,81,0,0,11538.12,169882.58,"2024-05-03",306,116925.43,-12775.82,-24801.54,79348.07,45,0,0,5630.84,85023.91
"2025-05-05",268,144829.24,-14748.76,-5725.24,124355.24,73,0,0,9688.77,134117.01,"2024-05-04",185,110003.47,-11368.29,-1089.55,97545.63,176,0,0,6898.77,104620.4
"2025-05-06",192,101253.89,-8370.81,-5206.06,87677.02,90,0,0,6585.08,94352.1,"2024-05-05",228,142955.7,-14814.71,-1181.25,126959.74,903,0,0,8976.35,136839.09
"2025-05-07",167,78827.32,-3901.95,-9905.36,65020.01,45,0,0,4876.64,69941.65,"2024-05-06",168,92541.85,-4948.42,-3190.49,84402.94,189,0,0,5741.01,90332.95
"2025-05-08",145,75354.89,-5109.01,-5113.75,65132.13,63,0,0,5029.45,70224.58,"2024-05-07",165,85271.67,-5774.34,-3751.74,75745.59,18,0,0,5497.28,81260.87
"2025-05-09",206,115088.6,-10005.3,-10117.12,94966.18,48,0,0,6296.29,101310.47,"2024-05-08",180,100889.51,-8425.36,-4219.07,88245.08,0,0,0,6398.98,94644.06
"2025-05-10",218,102761.74,-11520.98,-1610.5,89630.26,111,0,0,6711.24,96452.5,"2024-05-09",254,121620.45,-12708.41,-8102.6,100809.44,54,0,0,7785.36,108648.8
"2025-05-11",242,136047.46,-13397.88,-1329.05,121320.53,45,0,0,8891.72,130257.25,"2024-05-10",188,87784.13,-7884.59,-12603.35,67296.19,0,0,0,4776.8,72072.99
"2025-05-12",145,79786.5,-2858.13,-6429.12,70499.25,36,0,0,5628.28,76163.53,"2024-05-11",124,72694.98,-4865.88,-799,67030.1,27,0,0,4856,71913.1
"2025-05-13",137,69377.51,-4119.58,-30889.01,34368.92,1044,0,0,2798.87,38211.79,"2024-05-12",152,89897.18,-6788.17,-2706.18,80402.83,178,0,0,5840.72,86421.55
"2025-05-14",123,62798.8,-3153.71,-5515.08,54130.01,848,0,0,4349.49,59327.5,"2024-05-13",151,89681.79,-7829.07,-2884.07,78968.65,27,0,0,5702.36,84698.01
"2025-05-15",139,74340.32,-4918.99,-3559.09,65862.24,935,0,0,4735.4,71532.64,"2024-05-14",166,85006.96,-6647.5,-4948.69,73410.77,0,0,0,5349.44,78760.21
"2025-05-16",138,60154.34,-3492.98,-7336.85,49324.51,90,0,0,3646.07,53060.58,"2024-05-15",166,79834.85,-7025.75,-2458.25,70350.85,45,0,0,5426.9,75822.75
"2025-05-17",139,74262.6,-4374.88,-1705.05,68182.67,27,0,0,5206.46,73416.13,"2024-05-16",135,66296.1,-3844.59,-9181.65,53269.86,-829.44,0,0,4160.42,56600.84
"2025-05-18",123,62729.86,-3804.75,-84.15,58840.96,54,0,0,4320.69,63215.65,"2024-05-17",198,66604.39,-4805.48,-18484.74,43314.17,125,0,0,3094.18,46533.35
"2025-05-19",101,42768.6,-2300.96,-6810.78,33656.86,45,0,0,2397.16,36099.02,"2024-05-18",133,70146.53,-5105.07,-8069.76,56971.7,36,0,0,4405.71,61413.41
"2025-05-20",207,96035.61,-11206.5,-2375.89,82453.22,72,0,0,6231.52,88756.74,"2024-05-19",120,60967.66,-5164.02,-5520.69,50282.95,36,0,0,3893.01,54211.96
"2025-05-21",315,167398.53,-23147.58,-2030.87,142220.08,81,0,0,10525.55,152826.63,"2024-05-20",136,63504.16,-4607.27,-4394.6,54502.29,9,0,0,4332.99,58844.28
"2025-05-22",315,156704.27,-23668.38,-17859.09,115176.8,27,0,0,9013.77,124217.57,"2024-05-21",114,56221.74,-3780.12,-9798.24,42643.38,27,0,0,3289.97,45960.35
"2025-05-23",321,187828.74,-28557.14,-3578.98,155692.62,790,0,0,11764.56,168247.18,"2024-05-22",116,60938.42,-2796.46,-3391.78,54750.18,9,0,0,3990.08,58749.26
"2025-05-24",379,211104.61,-30706.89,-3302.53,177095.19,36,0,0,13521.01,190652.2,"2024-05-23",225,98911.87,-8450.21,-19112.27,71349.39,373,0,0,4914.71,76637.1
"2025-05-25",435,243220.22,-34826.81,-1574.13,206819.28,147,0,0,15774.76,222741.04,"2024-05-24",411,254874.15,-44251.31,-8015.94,202606.9,230,0,0,15014.89,217851.79
"2025-05-26",641,388444.87,-55994.18,-7129.23,325321.46,81,0,0,24761.88,350164.34,"2024-05-25",363,239965.01,-40758.25,-13142.25,186064.51,1143.61,0,0,13918.75,201126.87
"2025-05-27",427,253225.17,-38242.02,-7934.3,207048.85,93,0,0,15636.34,222778.19,"2024-05-26",394,239807.2,-43564.45,-4522.64,191720.11,105,0,0,14951.23,206776.34
"2025-05-28",178,103222.57,-12730.46,-1178.66,89313.45,1061.86,0,0,7176.9,97552.21,"2024-05-27",777,475450.99,-84294.9,0,391156.09,1013,0,0,29530.54,421699.63
"2025-05-29",96,48296.9,-1616.12,-79.2,46601.58,1008,0,0,3864.36,51473.94,"2024-05-28",491,281572.95,-50630.61,-14622.95,216319.39,933,0,0,17322.73,234575.12
"2025-05-30",114,59059.25,-2974.38,-24696.77,31388.1,1017,0,0,2591.68,34996.78,"2024-05-29",153,90306.83,-12915.52,-2136.25,75255.06,72,0,0,5708.56,81035.62
"2025-05-31",119,61280.89,-4108.02,0,57172.87,45,0,0,4279.5,61497.37,"2024-05-30",157,57395.89,-3230.95,-29620.96,24543.98,107,0,0,2362.14,27013.12
"2025-06-01",111,51053.4,-3876.96,-4928.93,42247.51,36,0,0,3158.13,45441.64,"2024-05-31",119,42393.56,-3010.65,0,39382.91,36,0,0,3004.13,42423.04
"2025-06-02",440,188819.71,-26500.16,-2933.74,159385.81,36,0,0,11844.22,171266.03,"2024-06-01",138,49406.76,-2502.99,-7838.15,39065.62,9,0,0,2726.05,41800.67
"2025-06-03",213,97989.59,-10822.7,-971.44,86195.45,45,0,0,6230.98,92471.43,"2024-06-02",91,62222.5,-3590.35,-2765.65,55866.5,1008,0,0,4074.73,60949.23
"2025-06-04",279,125968.48,-12786.71,-2892.72,110289.05,118,0,0,8286.27,118693.32,"2024-06-03",130,59368.9,-4470.8,-9708.46,45189.64,0,0,0,4265.53,49455.17
"2025-06-05",220,99510.7,-11087.5,-3118.99,85304.21,36,0,0,6209.24,91549.45,"2024-06-04",101,43656.31,-2388.18,-3465.58,37802.55,206.3,0,0,3037.76,41046.61
"2025-06-06",124,62672.35,-4332.34,-3760.93,54579.08,136.05,0,0,4390.73,59105.86,"2024-06-05",92,49669.52,-3617.61,-6309.17,39742.74,27,0,0,3005.08,42774.82
"2025-06-07",113,61352.21,-3526.01,-24011.17,33815.03,91,0,0,2578.52,36484.55,"2024-06-06",102,41297.59,-3134.46,-17429.05,20734.08,27,0,0,1517.67,22278.75
"2025-06-08",326,190335.48,-34845.41,-2520.41,152969.66,63,0,0,11274.24,164306.9,"2024-06-07",130,54119.3,-5061.43,-2767.14,46290.73,185,0,0,3525.86,50001.59
"2025-06-09",372,224844.03,-46706.03,-9362.79,168775.21,-64.05,0,0,12237.23,180948.39,"2024-06-08",132,51751.85,-6338.69,-21619.75,23793.41,107,0,0,1687.44,25587.85
"2025-06-10",153,86558.32,-5871.96,-731.62,79954.74,1035,0,0,6147.97,87137.71,"2024-06-09",177,84319.66,-9202.33,-2977.96,72139.37,167,0,0,5224.55,77530.92
"2025-06-11",107,57666.68,-3723.97,-21328.28,32614.43,109,0,0,2512.6,35236.03,"2024-06-10",108,69758.39,-4864.31,-11914,52980.08,167,0,0,3902.15,57049.23
"2025-06-12",104,63799.07,-3604.09,-4506.95,55688.03,1317,0,0,4397.61,61402.64,"2024-06-11",113,65581.8,-5537.62,-12240.31,47803.87,0,0,0,3194.59,50998.46
"2025-06-13",99,48286.61,-3258.33,-8455.8,36572.48,54,0,0,2862.78,39489.26,"2024-06-12",103,47478.84,-4565.95,-6065.37,36847.52,45,0,0,2434.13,39326.65
"2025-06-14",83,44812.72,-3128.95,0,41683.77,1044,0,0,3055.18,45782.95,"2024-06-13",93,50730,-3264.17,-3805.6,43660.23,0,0,0,3320.88,46981.11
"2025-06-15",91,53167.12,-2808.56,-1490.06,48868.5,56.3,0,0,3890.16,52814.96,"2024-06-14",61,33070.88,-2946.78,0,30124.1,98,0,0,2072.35,32294.45
"2025-06-16",80,43885.33,-2164.81,-8015.85,33704.67,27,0,0,2603.36,36335.03,"2024-06-15",56,34677.17,-2457.61,-7122.95,25096.61,277,0,0,1847.24,27220.85
"2025-06-17",81,42890.67,-2575.32,-3266.45,37048.9,0,0,0,2671.33,39720.23,"2024-06-16",65,45555.76,-3196.32,-50,42309.44,146,0,0,2994.65,45450.09
"2025-06-18",97,53867.52,-3773.51,-19481.1,30612.91,926,0,0,2117.34,33656.25,"2024-06-17",76,40478.8,-2655.2,-22230.73,15592.87,164,0,0,1226.82,16983.69
"2025-06-19",111,54668.63,-3258.27,-1940.48,49469.88,917,0,0,3598.63,53985.51,"2024-06-18",71,30013.06,-1984.68,-8143.65,19884.73,-981,0,0,1383.32,20287.05
"2025-06-20",101,39380.5,-2287.11,-4767.43,32325.96,54,0,0,2628.64,35008.6,"2024-06-19",82,38119.89,-3284.22,-8772.14,26063.53,18,0,0,1575.19,27656.72
"2025-06-21",88,40698.94,-2287.05,-1088.34,37323.55,54,0,0,2877.89,40255.44,"2024-06-20",103,46286.36,-2851.3,-12756.14,30678.92,27,0,0,2066.04,32771.96
"2025-06-22",91,44167.92,-2669.43,-1309.22,40189.27,45,0,0,3287.32,43521.59,"2024-06-21",92,35267.7,-3423.27,-4876.95,26967.48,89,0,0,1673.9,28730.38
"2025-06-23",100,38631.02,-1960.21,-3687.28,32983.53,54,0,0,2501.28,35538.81,"2024-06-22",89,58237.37,-3683.32,-1105.85,53448.2,1157,0,0,3728.75,58333.95
"2025-06-24",84,39467.1,-2337.6,-16893,20236.5,36,0,0,1835.28,22107.78,"2024-06-23",59,26469.88,-2168.15,-3503.1,20798.63,9,0,0,1415.94,22223.57
"2025-06-25",91,41203.97,-2338.15,-4229.98,34635.84,935,0,0,2500.31,38071.15,"2024-06-24",96,55380.92,-4011.8,-12529.99,38839.13,18,0,0,2460.01,41317.14
"2025-06-26",76,28764.67,-1729.08,-11062.59,15973,27,0,0,1127.82,17127.82,"2024-06-25",75,45474.56,-3581.82,-17345.68,24547.06,9,0,0,1771.96,26328.02
"2025-06-27",126,52821.52,-3267.36,-3923.95,45630.21,54,0,0,3544.24,49228.45,"2024-06-26",71,32769.39,-1757.24,-390.3,30621.85,48,0,0,2076,32745.85
"2025-06-28",85,42625.96,-2784.85,0,39841.11,45,0,0,2968.44,42854.55,"2024-06-27",120,41671.24,-3043.06,-12219.1,26409.08,45,0,0,1599.78,28053.86
"2025-06-29",79,40794.53,-1968.08,0,38826.45,18,0,0,2875.17,41719.62,"2024-06-28",92,38159.69,-4316.32,-1327.28,32516.09,27,0,0,2581.61,35124.7
"2025-06-30",103,42438.72,-3193.5,-19144.97,20100.25,36,0,0,1776.03,21912.28,"2024-06-29",77,39241.51,-2551.4,-11587.8,25102.31,137,0,0,1741.64,26980.95
"2025-07-01",113,41278.31,-2936.8,-908.24,37433.27,36,0,0,2842.26,40311.53,"2024-06-30",92,49673.85,-3123.81,-1260.55,45289.49,27,0,0,3495.69,48812.18
"2025-07-02",90,43486.04,-2502.42,-4174.36,36809.26,36,0,0,2573.13,39418.39,"2024-07-01",111,55391.67,-3574.41,-28.33,51788.93,19.55,0,0,3790.76,55599.24
"2025-07-03",91,45560.13,-3229.54,-4890.09,37440.5,45,0,0,2930.93,40416.43,"2024-07-02",98,34569.61,-2016.18,-15661.15,16892.28,0,0,0,1165.02,18057.3
"2025-07-04",101,48779.26,-4015.93,-440.94,44322.39,36,0,0,3139.68,47498.07,"2024-07-03",85,40948.73,-3276.71,-868.67,36803.35,9,0,0,2622.92,39435.27
"2025-07-05",79,40747.1,-3174.59,0,37572.51,18,0,0,2598.65,40189.16,"2024-07-04",82,51944.63,-3135.86,0,48808.77,36,0,0,3482.29,52327.06
"2025-07-06",84,56877.6,-3370.66,0,53506.94,1008,0,0,3921.12,58436.06,"2024-07-05",106,45001.9,-3753.5,-2318.37,38930.03,36,0,0,2869.63,41835.66
"2025-07-07",146,59721.69,-20303.63,-2014.91,37403.15,54,0,0,2620.81,40077.96,"2024-07-06",79,49359.34,-3042.13,-5919.56,40397.65,28.68,0,0,3177.69,43604.02
"2025-07-08",100,50982.67,-6337.65,-2431.51,42213.51,0,0,0,3280.12,45493.63,"2024-07-07",104,58800.7,-3670.95,-5757.7,49372.05,0,0,0,3691.98,53064.03
"2025-07-09",132,39787.56,-3275.85,-2013.75,34497.96,27,0,0,2727.01,37251.97,"2024-07-08",145,87081.41,-8436.45,-8948.19,69696.77,1008,0,0,5186.18,75890.95
"2025-07-10",96,51065.36,-5049.04,-13409.31,32607.01,27,0,0,2430.87,35064.88,"2024-07-09",94,45950,-4230.26,-11073.39,30646.35,9,0,0,2457.13,33112.48
"2025-07-11",164,44099.72,-10551.62,-8561.94,24986.16,45,0,0,1874.81,26905.97,"2024-07-10",90,38214.91,-3569.16,-1897.42,32748.33,9,0,0,2086.57,34843.9
"2025-07-12",89,41989.99,-4391.08,-786,36812.91,9,0,0,2720.88,39542.79,"2024-07-11",117,47884.14,-2618.18,-20301.86,24964.1,0,0,0,1903.11,26867.21
"2025-07-13",66,28840.7,-2247.33,0,26593.37,45,0,0,1833.24,28471.61,"2024-07-12",141,52312.78,-5273.19,-6701.8,40337.79,98,0,0,2712.03,43147.82
"2025-07-14",92,38969.31,-5079.82,-1471.58,32417.91,27,0,0,2518.78,34963.69,"2024-07-13",63,28063.76,-2448.73,-11318.7,14296.33,0,0,0,858.23,15154.56
"2025-07-15",98,40213.11,-3745.02,-3903.64,32564.45,54,0,0,2486.91,35105.36,"2024-07-14",90,58530.7,-3398.5,-3481.41,51650.79,858,0,0,4269.26,56778.05
"2025-07-16",96,52112.71,-4730.75,-12065.39,35316.57,36,0,0,2714.51,38067.08,"2024-07-15",116,53995.86,-4823.6,-2427.14,46745.12,18,0,0,3338.49,50101.61
"2025-07-17",89,39779.69,-2261.2,-11488.4,26030.09,27,0,0,1974.07,28031.16,"2024-07-16",91,47671.23,-4416.24,-9139.72,34115.27,18,0,0,2579.14,36712.41
"2025-07-18",98,56036.27,-5571.46,-9759.29,40705.52,9,0,0,2885.38,43599.9,"2024-07-17",91,49865.71,-4816.65,-4134.45,40914.61,9,0,0,3188.44,44112.05
"2025-07-19",79,36527.78,-2561.74,-1344,32622.04,18,0,0,2511.58,35151.62,"2024-07-18",116,51534.55,-4438.3,-262.45,46833.8,129,0,0,3670.74,50633.54
"2025-07-20",96,54923.77,-4174.13,-1428.97,49320.67,45,0,0,3676.95,53042.62,"2024-07-19",82,39717.38,-3737.86,-8182.02,27797.5,9,0,0,1793.3,29599.8
"2025-07-21",120,47583.17,-2314.7,-6300.3,38968.17,91,0,0,3246.57,42305.74,"2024-07-20",59,23619.72,-1655.3,0,21964.42,18,0,0,1636.87,23619.29
"2025-07-22",106,49082.55,-3310.49,-1535.91,44236.15,1008,0,0,3615.18,48859.33,"2024-07-21",60,38039.66,-3279.44,-2800.08,31960.14,0,0,0,2196.51,34156.65
"2025-07-23",99,39845.36,-3886.43,-794.43,35164.5,45,0,0,2643.57,37853.07,"2024-07-22",110,53094.45,-3173.78,-14595.37,35325.3,82,0,0,2632.03,38039.33
"2025-07-24",104,52257.39,-3395.44,-4276.74,44585.21,18,0,0,3398.88,48002.09,"2024-07-23",113,45039.23,-3622.49,-4219.56,37197.18,45,0,0,2692.33,39934.51
"2025-07-25",119,50619.78,-2970.47,-12176.49,35472.82,36,0,0,2413.3,37922.12,"2024-07-24",83,42641.81,-2874.79,-1837.71,37929.31,0,0,0,2405.6,40334.91
"2025-07-26",88,42799.75,-3252.57,0,39547.18,81,0,0,3056.19,42684.37,"2024-07-25",109,30872.98,-1944.54,-10555.15,18373.29,177,0,0,1094.25,19644.54
"2025-07-27",89,36453.25,-2028.15,-346.88,34078.22,72,0,0,2475.33,36625.55,"2024-07-26",55,28862.94,-2801.19,0,26061.75,54,0,0,1538.92,27654.67
"2025-07-28",97,42472.75,-3908.73,-6551.25,32012.77,0,0,0,2267.98,34280.75,"2024-07-27",74,40472.09,-3218.56,-1637.47,35616.06,51,0,0,2280.34,37947.4
"2025-07-29",102,45454.05,-3668.54,-18909.2,22876.31,-972,0,0,1808.11,23712.42,"2024-07-28",55,34949.7,-3115.46,-349,31485.24,18,0,0,2095.62,33598.86
"2025-07-30",114,40798.75,-3255.05,-1128.93,36414.77,45,0,0,2811.66,39271.43,"2024-07-29",72,41055.29,-2795.06,-1666.13,36594.1,9,0,0,2370.61,38973.71
"2025-07-31",106,48964.31,-3078.05,0,45886.26,18,0,0,3162.18,49066.44,"2024-07-30",97,43581.71,-2901.86,-4511.72,36168.13,27,0,0,3018.68,39213.81
"2025-08-01",90,36850.35,-3014.7,-2058,31777.65,36,0,0,2378.93,34192.58,"2024-07-31",55,33031.45,-1609.7,-415.3,31006.45,36,0,0,2289.52,33331.97
"2025-08-02",69,31847.65,-1596.65,0,30251,47.06,0,0,2219.16,32517.22,"2024-08-01",72,36424.58,-2555.1,-18394.9,15474.58,27,0,0,967.38,16468.96
"2025-08-03",94,42993.89,-3503.19,-329.1,39161.6,36,0,0,3073.17,42270.77,"2024-08-02",86,52774.44,-5171.72,-1408.95,46193.77,18,0,0,3211.39,49423.16
"2025-08-04",64,28851.23,-2000.57,-3715.22,23135.44,75,0,0,1593.17,24803.61,"2024-08-03",45,27174.2,-2116.7,-6055.3,19002.2,18,0,0,1226.11,20246.31
,0,0,0,0,0,0,0,0,0,0,"2024-08-04",53,25645.23,-1667.43,0,23977.8,36,0,0,1861.88,25875.68
